vehicle_id,ownership,electrification_level,vehicle_type,state,sessions,mean_soc_start,median_soc_start,sd_soc_start,mean_soc_gain,mean_energy,soc_persona,soc_persona_label
0,Fleet,PHEV (Plug-in Hybrid Electric Vehicle),PASSENGER CAR,New York,31,72.90322580645162,85.0,19.355197129297817,11.451612903225806,1.5077774193548386,1,top-up chargers
1,Fleet,PHEV (Plug-in Hybrid Electric Vehicle),PASSENGER CAR,New York,6,79.16666666666667,85.0,22.00378755275252,11.666666666666666,1.6051,1,top-up chargers
2,Fleet,PHEV (Plug-in Hybrid Electric Vehicle),PASSENGER CAR,New York,27,81.48148148148148,85.0,18.07116353661135,10.925925925925926,1.4970666666666668,1,top-up chargers
3,Fleet,PHEV (Plug-in Hybrid Electric Vehicle),PASSENGER CAR,New York,14,71.78571428571429,80.0,25.540852860371846,12.142857142857142,1.45185,1,top-up chargers
4,Fleet,PHEV (Plug-in Hybrid Electric Vehicle),PASSENGER CAR,New York,6,84.16666666666667,92.5,19.60017006728938,7.5,1.1043666666666667,1,top-up chargers
5,Fleet,BEV (Battery Electric Vehicle),PASSENGER CAR,New York,188,84.36170212765957,85.0,10.852290784395999,15.106382978723405,8.98404255319149,1,top-up chargers
6,Fleet,BEV (Battery Electric Vehicle),PASSENGER CAR,New York,281,77.52669039145907,80.0,12.970577944781697,21.548042704626333,12.837010676156583,1,top-up chargers
7,Fleet,BEV (Battery Electric Vehicle),MULTIPURPOSE PASSENGER VEHICLE (MPV),New York,70,48.07142857142857,45.0,16.988761356330844,48.142857142857146,27.26142857142857,0,deep chargers
8,Fleet,BEV (Battery Electric Vehicle),MULTIPURPOSE PASSENGER VEHICLE (MPV),New York,72,69.86111111111111,75.0,21.963032677247618,16.38888888888889,9.883333333333333,1,top-up chargers
9,Fleet,BEV (Battery Electric Vehicle),PASSENGER CAR,New York,127,80.59055118110236,85.0,13.6075109573975,18.46456692913386,11.036220472440943,1,top-up chargers
12,Fleet,BEV (Battery Electric Vehicle),PASSENGER CAR,Georgia,71,94.36619718309859,95.0,6.810159294591149,5.352112676056338,3.789859154929577,1,top-up chargers
14,Fleet,BEV (Battery Electric Vehicle),PASSENGER CAR,Georgia,30,71.83333333333333,72.5,23.46983880075305,21.666666666666668,12.751333333333331,1,top-up chargers
20,Fleet,BEV (Battery Electric Vehicle),PASSENGER CAR,Georgia,120,94.08333333333333,95.0,6.950706793555028,5.833333333333333,3.8839166666666665,1,top-up chargers
21,Fleet,BEV (Battery Electric Vehicle),PASSENGER CAR,Georgia,157,92.07006369426752,95.0,8.898368223848635,7.32484076433121,4.809936305732484,1,top-up chargers
23,Personal,BEV (Battery Electric Vehicle),PASSENGER CAR,California,34,67.6470588235294,72.5,19.70368732287556,20.0,8.512352941176472,1,top-up chargers
24,Personal,BEV (Battery Electric Vehicle),PASSENGER CAR,Other,60,77.83333333333333,75.0,11.474609652039002,9.833333333333334,5.515,1,top-up chargers
26,Fleet,BEV (Battery Electric Vehicle),PASSENGER CAR,New York,105,77.9047619047619,80.0,16.867426397055166,20.857142857142858,12.456761904761905,1,top-up chargers
29,Fleet,PHEV (Plug-in Hybrid Electric Vehicle),PASSENGER CAR,New York,12,77.5,87.5,27.757062983221864,11.666666666666666,1.4646333333333335,1,top-up chargers
33,Fleet,BEV (Battery Electric Vehicle),PASSENGER CAR,New York,132,72.5,80.0,22.43310666869751,22.765151515151516,13.486363636363636,1,top-up chargers
34,Fleet,BEV (Battery Electric Vehicle),PASSENGER CAR,New York,203,69.97536945812809,70.0,16.148272881822233,23.7192118226601,14.07487684729064,1,top-up chargers
35,Fleet,BEV (Battery Electric Vehicle),MULTIPURPOSE PASSENGER VEHICLE (MPV),New York,141,80.88652482269504,85.0,14.883880157780267,16.843971631205672,10.040425531914893,1,top-up chargers
36,Fleet,BEV (Battery Electric Vehicle),PASSENGER CAR,New York,191,81.51832460732984,85.0,14.125319905809,16.98952879581152,10.159162303664923,1,top-up chargers
38,Fleet,BEV (Battery Electric Vehicle),PASSENGER CAR,Georgia,37,83.91891891891892,85.0,6.885485452014981,7.4324324324324325,4.239072972972973,1,top-up chargers
41,Fleet,BEV (Battery Electric Vehicle),PASSENGER CAR,Georgia,179,81.00558659217877,85.0,14.155833040273146,16.98324022346369,10.477988826815642,1,top-up chargers
48,Fleet,BEV (Battery Electric Vehicle),PASSENGER CAR,Georgia,277,74.47653429602889,75.0,12.496245446701899,24.620938628158846,15.173212996389891,1,top-up chargers
53,Fleet,BEV (Battery Electric Vehicle),PASSENGER CAR,Colorado,111,41.171171171171174,40.0,16.08153875149666,43.333333333333336,31.04387027027027,0,deep chargers
55,Fleet,BEV (Battery Electric Vehicle),PASSENGER CAR,Colorado,209,54.52153110047847,55.0,24.845885852557295,36.5311004784689,21.40928229665072,0,deep chargers
56,Fleet,BEV (Battery Electric Vehicle),PASSENGER CAR,Colorado,173,57.83236994219653,60.0,21.595130093827258,21.069364161849713,12.369919075144509,0,deep chargers
57,Fleet,BEV (Battery Electric Vehicle),PASSENGER CAR,Colorado,148,55.70945945945946,55.0,23.3066669911517,28.243243243243242,20.129448648648648,0,deep chargers
58,Fleet,BEV (Battery Electric Vehicle),PASSENGER CAR,Colorado,376,46.422872340425535,45.0,23.452861278054314,43.41755319148936,25.110000000000003,0,deep chargers
59,Fleet,BEV (Battery Electric Vehicle),PASSENGER CAR,Colorado,299,51.35451505016722,45.0,26.943043417667504,38.979933110367895,22.30963210702341,0,deep chargers
60,Fleet,BEV (Battery Electric Vehicle),PASSENGER CAR,Colorado,250,53.42,55.0,24.617630081780288,37.48,22.00752,0,deep chargers
61,Fleet,BEV (Battery Electric Vehicle),PASSENGER CAR,Colorado,223,44.82062780269058,40.0,24.15628777862459,45.874439461883405,26.368071748878922,0,deep chargers
62,Fleet,BEV (Battery Electric Vehicle),PASSENGER CAR,Colorado,120,54.625,55.0,22.107097039091283,30.541666666666668,18.285666666666664,0,deep chargers
64,Fleet,BEV (Battery Electric Vehicle),PASSENGER CAR,Colorado,537,63.7243947858473,65.0,23.23433553631355,22.439478584729983,13.09024208566108,0,deep chargers
65,Fleet,BEV (Battery Electric Vehicle),PASSENGER CAR,Colorado,520,53.5,50.0,21.33230970569235,41.85576923076923,24.9985,0,deep chargers
66,Fleet,BEV (Battery Electric Vehicle),PASSENGER CAR,Georgia,131,76.37404580152672,75.0,11.751488205501467,21.450381679389313,13.242442748091603,1,top-up chargers
67,Fleet,BEV (Battery Electric Vehicle),PASSENGER CAR,Colorado,162,58.45679012345679,60.0,23.3477887458778,25.308641975308642,15.27901234567901,0,deep chargers
68,Fleet,BEV (Battery Electric Vehicle),PASSENGER CAR,Colorado,62,39.03225806451613,27.5,29.58509136175061,45.0,25.909999999999997,0,deep chargers
69,Fleet,BEV (Battery Electric Vehicle),PASSENGER CAR,Colorado,394,58.26142131979695,60.0,22.33984981099388,24.898477157360407,14.448832487309645,0,deep chargers
70,Fleet,BEV (Battery Electric Vehicle),PASSENGER CAR,Colorado,365,57.082191780821915,60.0,23.406203639404524,29.15068493150685,17.137479452054794,0,deep chargers
71,Fleet,BEV (Battery Electric Vehicle),PASSENGER CAR,Colorado,200,63.6,65.0,24.08715331403587,29.175,17.6948,0,deep chargers
72,Fleet,BEV (Battery Electric Vehicle),PASSENGER CAR,Colorado,897,68.75696767001115,70.0,20.974820654990076,17.46934225195095,10.335340022296544,1,top-up chargers
74,Fleet,BEV (Battery Electric Vehicle),PASSENGER CAR,Georgia,168,64.01785714285714,65.0,24.812222508268565,21.696428571428573,12.983095238095236,0,deep chargers
75,Fleet,BEV (Battery Electric Vehicle),PASSENGER CAR,Colorado,325,48.55384615384615,45.0,21.130861206932128,47.30769230769231,27.495569230769227,0,deep chargers
77,Fleet,BEV (Battery Electric Vehicle),PASSENGER CAR,Colorado,40,67.875,65.0,17.092789752947336,30.75,19.15975,0,deep chargers
78,Fleet,BEV (Battery Electric Vehicle),PASSENGER CAR,Colorado,530,58.65094339622642,55.0,23.84418641831633,26.5,15.421943396226416,0,deep chargers
79,Fleet,BEV (Battery Electric Vehicle),PASSENGER CAR,Colorado,414,54.17874396135266,50.0,22.63088233415615,35.51932367149758,21.195314009661836,0,deep chargers
80,Fleet,BEV (Battery Electric Vehicle),PASSENGER CAR,Colorado,170,51.1764705882353,50.0,25.438719251835106,37.0,20.723058823529414,0,deep chargers
81,Fleet,BEV (Battery Electric Vehicle),PASSENGER CAR,Colorado,138,59.42028985507246,60.0,18.767424640919618,36.95652173913044,22.45927536231884,0,deep chargers
82,Fleet,BEV (Battery Electric Vehicle),PASSENGER CAR,Colorado,324,49.19753086419753,50.0,25.700186000260015,39.629629629629626,20.48212962962963,0,deep chargers
83,Fleet,BEV (Battery Electric Vehicle),PASSENGER CAR,Colorado,227,47.709251101321584,45.0,23.301487909942583,42.268722466960355,24.33568281938326,0,deep chargers
84,Fleet,BEV (Battery Electric Vehicle),PASSENGER CAR,Other,56,59.375,57.5,26.52721587008673,27.5,16.673571428571428,0,deep chargers
85,Fleet,BEV (Battery Electric Vehicle),PASSENGER CAR,Other,34,50.88235294117647,45.0,24.5711887280209,39.705882352941174,23.19529411764706,0,deep chargers
86,Fleet,BEV (Battery Electric Vehicle),PASSENGER CAR,Other,46,61.08695652173913,62.5,25.009177059592897,32.17391304347826,19.22,0,deep chargers
88,Fleet,BEV (Battery Electric Vehicle),PASSENGER CAR,Georgia,81,61.851851851851855,70.0,25.414617403726094,23.209876543209877,14.34514074074074,0,deep chargers
89,Fleet,BEV (Battery Electric Vehicle),PASSENGER CAR,Colorado,43,61.86046511627907,60.0,21.98547290430968,30.0,17.029116279069765,0,deep chargers
90,Fleet,BEV (Battery Electric Vehicle),PASSENGER CAR,Colorado,51,59.90196078431372,55.0,18.748071796278985,37.450980392156865,22.26094117647059,0,deep chargers
91,Fleet,BEV (Battery Electric Vehicle),PASSENGER CAR,Colorado,90,63.111111111111114,65.0,22.05174937362008,15.444444444444445,8.805299999999999,1,top-up chargers
92,Fleet,BEV (Battery Electric Vehicle),PASSENGER CAR,Colorado,26,53.65384615384615,42.5,24.962279235185733,33.84615384615385,19.593,0,deep chargers
94,Fleet,BEV (Battery Electric Vehicle),PASSENGER CAR,Colorado,580,83.31896551724138,85.0,14.942953779865693,6.422413793103448,4.011605172413793,1,top-up chargers
97,Fleet,BEV (Battery Electric Vehicle),PASSENGER CAR,Colorado,97,51.8041237113402,50.0,18.245798132297093,29.484536082474225,17.22501030927835,0,deep chargers
99,Fleet,BEV (Battery Electric Vehicle),PASSENGER CAR,Colorado,78,50.8974358974359,45.0,22.269651904270887,41.15384615384615,23.481346153846154,0,deep chargers
101,Fleet,BEV (Battery Electric Vehicle),PASSENGER CAR,Colorado,129,88.68217054263566,90.0,12.014304297458843,6.744186046511628,4.3496124031007755,1,top-up chargers
102,Fleet,BEV (Battery Electric Vehicle),PASSENGER CAR,Colorado,10,59.5,55.0,18.47671206922078,37.0,22.816,0,deep chargers
103,Fleet,BEV (Battery Electric Vehicle),PASSENGER CAR,Colorado,9,70.0,75.0,20.91650066335189,12.222222222222221,1.9022222222222223,1,top-up chargers
105,Fleet,BEV (Battery Electric Vehicle),PASSENGER CAR,Colorado,203,75.73891625615764,75.0,10.586551005215137,24.137931034482758,15.054088669950739,1,top-up chargers
107,Fleet,BEV (Battery Electric Vehicle),PASSENGER CAR,Colorado,695,88.10071942446044,90.0,10.839605416766481,7.18705035971223,4.507920863309352,1,top-up chargers
110,Fleet,BEV (Battery Electric Vehicle),PASSENGER CAR,Colorado,50,89.5,90.0,5.646924393157823,9.8,1.4768000000000001,1,top-up chargers
111,Fleet,BEV (Battery Electric Vehicle),PASSENGER CAR,Colorado,207,75.94202898550725,75.0,11.134941145324266,23.357487922705314,14.577487922705314,1,top-up chargers
113,Fleet,BEV (Battery Electric Vehicle),PASSENGER CAR,Colorado,22,80.0,87.5,17.113069358158487,11.136363636363637,1.8,1,top-up chargers
114,Fleet,BEV (Battery Electric Vehicle),PASSENGER CAR,Colorado,613,83.96411092985318,85.0,12.443809025882782,5.350734094616639,3.3205791190864598,1,top-up chargers
115,Fleet,BEV (Battery Electric Vehicle),PASSENGER CAR,Colorado,255,65.47058823529412,70.0,14.986020968081114,33.745098039215684,20.66423529411765,0,deep chargers
117,Fleet,BEV (Battery Electric Vehicle),PASSENGER CAR,Colorado,18,64.72222222222223,60.0,20.107960248604957,28.61111111111111,17.256666666666668,0,deep chargers
118,Fleet,BEV (Battery Electric Vehicle),PASSENGER CAR,Colorado,510,81.44117647058823,85.0,17.369538139937113,7.705882352941177,4.651229411764706,1,top-up chargers
121,Fleet,PHEV (Plug-in Hybrid Electric Vehicle),PASSENGER CAR,Colorado,53,60.84905660377358,65.0,20.702467547479134,7.6415094339622645,0.6192905660377359,1,top-up chargers
122,Fleet,BEV (Battery Electric Vehicle),PASSENGER CAR,Colorado,19,53.68421052631579,55.0,24.315181886538266,25.789473684210527,13.969263157894737,0,deep chargers
124,Fleet,BEV (Battery Electric Vehicle),PASSENGER CAR,Colorado,53,53.9622641509434,55.0,22.282247387128393,9.528301886792454,5.398471698113208,1,top-up chargers
125,Fleet,BEV (Battery Electric Vehicle),PASSENGER CAR,Georgia,82,72.07317073170732,75.0,19.782009839223434,14.695121951219512,9.649924390243903,1,top-up chargers
126,Fleet,BEV (Battery Electric Vehicle),PASSENGER CAR,Georgia,109,62.79816513761468,65.0,16.700399095094703,25.045871559633028,15.923953211009175,1,top-up chargers
127,Fleet,BEV (Battery Electric Vehicle),PASSENGER CAR,Georgia,110,69.36363636363636,75.0,22.748213871905804,9.909090909090908,6.31611,1,top-up chargers
128,Fleet,BEV (Battery Electric Vehicle),PASSENGER CAR,Georgia,94,76.17021276595744,75.0,12.035465778829815,21.54255319148936,13.264042553191489,1,top-up chargers
130,Fleet,BEV (Battery Electric Vehicle),PASSENGER CAR,Georgia,82,72.86585365853658,80.0,20.215360371293976,17.682926829268293,11.036407317073172,1,top-up chargers
131,Fleet,BEV (Battery Electric Vehicle),PASSENGER CAR,Georgia,36,66.66666666666667,65.0,15.399443403670706,30.555555555555557,18.755,1,top-up chargers
132,Fleet,BEV (Battery Electric Vehicle),PASSENGER CAR,Massachusetts,7,77.85714285714286,85.0,20.788046015507497,6.428571428571429,1.6457142857142857,1,top-up chargers
134,Fleet,BEV (Battery Electric Vehicle),PASSENGER CAR,Massachusetts,12,84.16666666666667,90.0,12.583057392117913,10.0,2.1599999999999997,1,top-up chargers
135,Personal,PHEV (Plug-in Hybrid Electric Vehicle),PASSENGER CAR,Other,8,89.375,90.0,3.204349722308279,10.625,1.3202875,1,top-up chargers
136,Fleet,BEV (Battery Electric Vehicle),PASSENGER CAR,Georgia,123,68.41463414634147,75.0,16.098022905419615,30.48780487804878,18.79658536585366,1,top-up chargers
139,Fleet,BEV (Battery Electric Vehicle),PASSENGER CAR,Georgia,246,72.5609756097561,80.0,16.072106063923748,26.117886178861788,15.865447154471545,1,top-up chargers
140,Personal,BEV (Battery Electric Vehicle),PASSENGER CAR,Other,102,63.23529411764706,65.0,19.122417755182727,21.96078431372549,13.989598039215688,1,top-up chargers
141,Fleet,BEV (Battery Electric Vehicle),PASSENGER CAR,Colorado,88,32.89772727272727,25.0,28.934344931489637,31.363636363636363,18.58590909090909,0,deep chargers
142,Fleet,BEV (Battery Electric Vehicle),PASSENGER CAR,Colorado,118,38.559322033898304,32.5,28.838644056013198,35.25423728813559,20.685932203389832,0,deep chargers
143,Fleet,BEV (Battery Electric Vehicle),PASSENGER CAR,Colorado,48,43.645833333333336,40.0,24.2052302975796,34.166666666666664,20.34375,0,deep chargers
144,Fleet,BEV (Battery Electric Vehicle),PASSENGER CAR,Colorado,51,30.392156862745097,30.0,23.061724507393237,32.15686274509804,19.110588235294117,0,deep chargers
145,Fleet,BEV (Battery Electric Vehicle),PASSENGER CAR,Colorado,175,40.51428571428571,35.0,29.43468458832963,32.542857142857144,19.191657142857142,0,deep chargers
146,Fleet,BEV (Battery Electric Vehicle),PASSENGER CAR,Colorado,132,40.378787878787875,35.0,27.025724331066186,36.25,21.41348484848485,0,deep chargers
147,Fleet,BEV (Battery Electric Vehicle),PASSENGER CAR,Other,192,56.458333333333336,55.0,23.56251200693145,17.057291666666668,11.0948578125,0,deep chargers
150,Fleet,BEV (Battery Electric Vehicle),PASSENGER CAR,Texas,92,55.32608695652174,55.0,24.559910466087725,15.326086956521738,9.026997826086957,0,deep chargers
151,Fleet,BEV (Battery Electric Vehicle),PASSENGER CAR,Texas,25,65.0,65.0,24.57980200625438,24.4,8.816,0,deep chargers
152,Fleet,BEV (Battery Electric Vehicle),PASSENGER CAR,Texas,50,77.3,85.0,23.63001377529028,12.5,7.596487999999999,1,top-up chargers
153,Fleet,BEV (Battery Electric Vehicle),PASSENGER CAR,Colorado,72,45.34722222222222,40.0,29.554513833760176,36.52777777777778,21.510555555555555,0,deep chargers
154,Fleet,BEV (Battery Electric Vehicle),PASSENGER CAR,Texas,72,54.30555555555556,55.0,19.987770126169366,10.625,6.521280555555555,1,top-up chargers
155,Fleet,BEV (Battery Electric Vehicle),PASSENGER CAR,Colorado,137,62.77372262773723,65.0,21.453778188005632,34.45255474452555,20.83109489051095,0,deep chargers
156,Fleet,BEV (Battery Electric Vehicle),PASSENGER CAR,Colorado,107,61.308411214953274,60.0,19.67107406826374,33.03738317757009,20.132616822429906,0,deep chargers
157,Fleet,BEV (Battery Electric Vehicle),PASSENGER CAR,Colorado,464,51.01293103448276,50.0,22.175128714555708,38.577586206896555,22.703491379310346,0,deep chargers
158,Fleet,BEV (Battery Electric Vehicle),PASSENGER CAR,Colorado,139,64.42446043165468,65.0,22.23946694741821,30.39568345323741,18.2431654676259,0,deep chargers
159,Fleet,BEV (Battery Electric Vehicle),PASSENGER CAR,Colorado,124,62.62096774193548,60.0,19.994549152302213,30.967741935483872,18.794999999999998,0,deep chargers
160,Fleet,BEV (Battery Electric Vehicle),PASSENGER CAR,Colorado,59,46.271186440677965,40.0,21.487631172273854,49.74576271186441,28.814237288135594,0,deep chargers
161,Fleet,BEV (Battery Electric Vehicle),PASSENGER CAR,Georgia,147,61.46258503401361,65.0,18.256270121557723,19.081632653061224,11.628163265306123,1,top-up chargers
162,Fleet,PHEV (Plug-in Hybrid Electric Vehicle),MULTIPURPOSE PASSENGER VEHICLE (MPV),Washington,9,50.55555555555556,45.0,30.356676000144972,8.88888888888889,1.2301333333333335,0,deep chargers
163,Fleet,BEV (Battery Electric Vehicle),PASSENGER CAR,Washington,100,60.8,65.0,24.47138093464456,25.8,9.8,0,deep chargers
166,Fleet,BEV (Battery Electric Vehicle),PASSENGER CAR,Washington,67,55.44776119402985,60.0,23.106003143673313,25.82089552238806,9.9044776119403,0,deep chargers
167,Fleet,BEV (Battery Electric Vehicle),PASSENGER CAR,Washington,29,51.724137931034484,50.0,23.538564939453444,31.724137931034484,11.875862068965516,0,deep chargers
168,Personal,BEV (Battery Electric Vehicle),MULTIPURPOSE PASSENGER VEHICLE (MPV),California,96,46.458333333333336,50.0,20.569735902235575,18.90625,5.375,0,deep chargers
169,Personal,BEV (Battery Electric Vehicle),MULTIPURPOSE PASSENGER VEHICLE (MPV),California,29,49.6551724137931,50.0,20.394810022701098,17.24137931034483,5.136206896551724,0,deep chargers
170,Personal,BEV (Battery Electric Vehicle),MULTIPURPOSE PASSENGER VEHICLE (MPV),California,50,53.2,60.0,21.63613757073087,23.3,6.477,0,deep chargers
172,Fleet,BEV (Battery Electric Vehicle),PASSENGER CAR,Washington,15,75.33333333333333,80.0,14.816335900748522,19.666666666666668,7.84,1,top-up chargers
173,Fleet,BEV (Battery Electric Vehicle),PASSENGER CAR,Washington,171,82.07602339181287,85.0,8.076112815656707,17.80701754385965,7.129824561403509,1,top-up chargers
174,Fleet,PHEV (Plug-in Hybrid Electric Vehicle),PASSENGER CAR,Colorado,17,46.470588235294116,60.0,36.39044800332022,10.882352941176471,1.8225411764705883,0,deep chargers
175,Fleet,PHEV (Plug-in Hybrid Electric Vehicle),MULTIPURPOSE PASSENGER VEHICLE (MPV),Washington,42,53.095238095238095,50.0,25.755709311472085,9.523809523809524,1.423904761904762,0,deep chargers
176,Fleet,PHEV (Plug-in Hybrid Electric Vehicle),MULTIPURPOSE PASSENGER VEHICLE (MPV),Washington,6,46.666666666666664,52.5,37.37200378179723,12.5,1.7825333333333333,0,deep chargers
177,Fleet,PHEV (Plug-in Hybrid Electric Vehicle),MULTIPURPOSE PASSENGER VEHICLE (MPV),Washington,109,31.3302752293578,20.0,30.05890976740556,9.908256880733944,1.5516110091743118,0,deep chargers
178,Fleet,PHEV (Plug-in Hybrid Electric Vehicle),MULTIPURPOSE PASSENGER VEHICLE (MPV),Washington,57,5.526315789473684,5.0,11.560562985484461,10.701754385964913,1.643719298245614,0,deep chargers
181,Fleet,BEV (Battery Electric Vehicle),PASSENGER CAR,Colorado,81,63.45679012345679,65.0,20.335344466418587,32.592592592592595,19.947160493827162,0,deep chargers
183,Fleet,BEV (Battery Electric Vehicle),PASSENGER CAR,Colorado,69,64.92753623188406,65.0,16.814138693880523,29.92753623188406,18.141739130434782,0,deep chargers
184,Fleet,BEV (Battery Electric Vehicle),PASSENGER CAR,Colorado,343,52.37609329446064,50.0,22.21561565307321,34.35860058309038,20.615451895043734,0,deep chargers
188,Personal,BEV (Battery Electric Vehicle),MULTIPURPOSE PASSENGER VEHICLE (MPV),California,12,56.666666666666664,57.5,13.706888336846838,26.666666666666668,7.575,0,deep chargers
189,Personal,BEV (Battery Electric Vehicle),PASSENGER CAR,California,92,76.95652173913044,85.0,18.81016386669267,14.347826086956522,3.253173913043478,1,top-up chargers
190,Personal,BEV (Battery Electric Vehicle),PASSENGER CAR,California,130,76.6923076923077,85.0,24.83709595984493,11.23076923076923,2.3138584615384614,1,top-up chargers
191,Personal,BEV (Battery Electric Vehicle),PASSENGER CAR,California,357,50.96638655462185,50.0,18.073787326148057,22.66106442577031,9.057235294117646,0,deep chargers
192,Personal,BEV (Battery Electric Vehicle),PASSENGER CAR,California,35,55.57142857142857,60.0,23.570027969592978,15.0,3.425417142857143,0,deep chargers
193,Personal,BEV (Battery Electric Vehicle),PASSENGER CAR,California,17,72.05882352941177,70.0,16.775989494793198,13.529411764705882,2.8036235294117646,1,top-up chargers
194,Personal,BEV (Battery Electric Vehicle),PASSENGER CAR,California,56,50.535714285714285,55.0,25.825965993172833,13.392857142857142,3.0397285714285713,0,deep chargers
195,Personal,BEV (Battery Electric Vehicle),MULTIPURPOSE PASSENGER VEHICLE (MPV),California,19,29.210526315789473,25.0,19.022147756317054,21.05263157894737,6.031578947368421,0,deep chargers
196,Personal,BEV (Battery Electric Vehicle),MULTIPURPOSE PASSENGER VEHICLE (MPV),California,15,59.666666666666664,60.0,6.113996432854078,29.333333333333332,8.16,1,top-up chargers
197,Personal,BEV (Battery Electric Vehicle),MULTIPURPOSE PASSENGER VEHICLE (MPV),California,93,49.623655913978496,55.0,17.940671536613838,22.204301075268816,6.169354838709677,0,deep chargers
198,Personal,BEV (Battery Electric Vehicle),PASSENGER CAR,California,58,61.46551724137931,67.5,22.71116544109263,15.689655172413794,3.6962689655172416,1,top-up chargers
199,Personal,BEV (Battery Electric Vehicle),PASSENGER CAR,California,73,33.76712328767123,20.0,28.960950983822457,16.84931506849315,3.820109589041096,0,deep chargers
200,Fleet,BEV (Battery Electric Vehicle),PASSENGER CAR,Washington,29,62.41379310344828,60.0,22.937052434526905,19.137931034482758,7.462068965517242,0,deep chargers
202,Fleet,BEV (Battery Electric Vehicle),PASSENGER CAR,Washington,31,59.83870967741935,65.0,21.965270730850776,18.225806451612904,7.470967741935484,0,deep chargers
203,Fleet,BEV (Battery Electric Vehicle),PASSENGER CAR,Washington,20,59.0,55.0,17.66650115778149,32.75,11.74,0,deep chargers
204,Fleet,BEV (Battery Electric Vehicle),PASSENGER CAR,Washington,113,38.67256637168141,30.0,24.118547426453222,22.61061946902655,8.789380530973451,0,deep chargers
205,Fleet,BEV (Battery Electric Vehicle),PASSENGER CAR,Washington,75,59.666666666666664,55.0,18.38649132007145,25.133333333333333,9.888,0,deep chargers
206,Fleet,PHEV (Plug-in Hybrid Electric Vehicle),MULTIPURPOSE PASSENGER VEHICLE (MPV),Washington,19,86.57894736842105,90.0,21.282010633588808,8.421052631578947,1.3246315789473684,1,top-up chargers
207,Fleet,PHEV (Plug-in Hybrid Electric Vehicle),MULTIPURPOSE PASSENGER VEHICLE (MPV),Washington,24,57.291666666666664,62.5,27.0659085529583,12.5,1.8260333333333334,0,deep chargers
210,Fleet,BEV (Battery Electric Vehicle),PASSENGER CAR,Washington,48,43.958333333333336,50.0,26.835954235247762,32.604166666666664,11.9,0,deep chargers
211,Fleet,BEV (Battery Electric Vehicle),PASSENGER CAR,Washington,68,40.51470588235294,37.5,29.169342241090657,24.33823529411765,9.494117647058824,0,deep chargers
212,Fleet,BEV (Battery Electric Vehicle),PASSENGER CAR,Massachusetts,9,82.22222222222223,85.0,13.944333775567927,11.11111111111111,6.9286666666666665,1,top-up chargers
214,Personal,PHEV (Plug-in Hybrid Electric Vehicle),PASSENGER CAR,California,31,59.516129032258064,65.0,24.233408025206217,24.193548387096776,6.764516129032257,0,deep chargers
215,Personal,PHEV (Plug-in Hybrid Electric Vehicle),PASSENGER CAR,California,44,53.63636363636363,60.0,26.87965506171511,17.045454545454547,4.844318181818182,0,deep chargers
216,Personal,PHEV (Plug-in Hybrid Electric Vehicle),PASSENGER CAR,California,17,41.1764705882353,35.0,30.286621002758064,13.823529411764707,4.2441176470588236,0,deep chargers
217,Fleet,BEV (Battery Electric Vehicle),PASSENGER CAR,Massachusetts,41,42.926829268292686,40.0,13.691950635140412,40.73170731707317,26.310900000000004,0,deep chargers
219,Fleet,BEV (Battery Electric Vehicle),PASSENGER CAR,Massachusetts,16,30.0,30.0,15.1657508881031,38.4375,20.9115,0,deep chargers
220,Personal,BEV (Battery Electric Vehicle),MULTIPURPOSE PASSENGER VEHICLE (MPV),California,81,60.4320987654321,60.0,20.236068214703256,12.901234567901234,3.892592592592593,1,top-up chargers
221,Personal,BEV (Battery Electric Vehicle),PASSENGER CAR,California,399,82.81954887218045,85.0,13.886927398088867,12.330827067669173,2.7302827067669173,1,top-up chargers
224,Fleet,BEV (Battery Electric Vehicle),PASSENGER CAR,Colorado,80,77.8125,85.0,22.116546157211136,15.625,9.331199999999999,1,top-up chargers
225,Fleet,BEV (Battery Electric Vehicle),PASSENGER CAR,Colorado,93,40.16129032258065,35.0,16.376209097465967,36.18279569892473,21.41125806451613,0,deep chargers
226,Fleet,PHEV (Plug-in Hybrid Electric Vehicle),PASSENGER CAR,Colorado,9,74.44444444444444,85.0,29.309175658448293,8.88888888888889,1.2068,1,top-up chargers
227,Fleet,PHEV (Plug-in Hybrid Electric Vehicle),PASSENGER CAR,Colorado,8,35.0,30.0,34.64101615137755,10.625,1.275575,0,deep chargers
230,Fleet,BEV (Battery Electric Vehicle),PASSENGER CAR,Colorado,61,58.442622950819676,60.0,25.1087797328371,16.065573770491802,9.469770491803278,0,deep chargers
231,Fleet,PHEV (Plug-in Hybrid Electric Vehicle),PASSENGER CAR,Colorado,5,74.0,90.0,41.4427315702042,9.0,1.07436,0,deep chargers
233,Fleet,PHEV (Plug-in Hybrid Electric Vehicle),MULTIPURPOSE PASSENGER VEHICLE (MPV),Colorado,32,11.875,0.0,27.37876502316254,7.96875,0.977134375,0,deep chargers
237,Fleet,PHEV (Plug-in Hybrid Electric Vehicle),MULTIPURPOSE PASSENGER VEHICLE (MPV),Colorado,7,78.57142857142857,85.0,28.389300466062576,10.0,1.3195,1,top-up chargers
242,Fleet,BEV (Battery Electric Vehicle),PASSENGER CAR,Colorado,215,43.41860465116279,40.0,17.8666301993246,37.0,21.64865581395349,0,deep chargers
243,Fleet,PHEV (Plug-in Hybrid Electric Vehicle),PASSENGER CAR,Colorado,31,15.96774193548387,15.0,15.352489203096114,9.516129032258064,0.7249070967741935,0,deep chargers
245,Fleet,PHEV (Plug-in Hybrid Electric Vehicle),PASSENGER CAR,Colorado,8,95.0,95.0,0.0,5.0,0.674625,1,top-up chargers
246,Fleet,PHEV (Plug-in Hybrid Electric Vehicle),MULTIPURPOSE PASSENGER VEHICLE (MPV),Colorado,10,56.5,90.0,44.3502474000365,8.0,1.23193,0,deep chargers
248,Fleet,BEV (Battery Electric Vehicle),PASSENGER CAR,Colorado,65,68.84615384615384,75.0,17.270124826950777,15.153846153846153,8.832415384615384,1,top-up chargers
251,Fleet,PHEV (Plug-in Hybrid Electric Vehicle),MULTIPURPOSE PASSENGER VEHICLE (MPV),Colorado,9,51.111111111111114,85.0,43.78768218473217,9.444444444444445,1.3066666666666666,0,deep chargers
253,Fleet,BEV (Battery Electric Vehicle),PASSENGER CAR,Colorado,68,57.205882352941174,57.5,21.72388383923509,18.308823529411764,10.660985294117648,0,deep chargers
257,Fleet,PHEV (Plug-in Hybrid Electric Vehicle),PASSENGER CAR,Colorado,9,52.77777777777778,70.0,38.496031541503655,11.11111111111111,1.4848555555555556,0,deep chargers
258,Fleet,BEV (Battery Electric Vehicle),PASSENGER CAR,Colorado,127,73.11023622047244,80.0,16.737102756269252,14.133858267716535,8.076141732283466,1,top-up chargers
259,Fleet,PHEV (Plug-in Hybrid Electric Vehicle),PASSENGER CAR,Colorado,26,17.307692307692307,15.0,16.26227347149034,8.26923076923077,1.16655,0,deep chargers
265,Fleet,BEV (Battery Electric Vehicle),PASSENGER CAR,Colorado,346,75.46242774566474,75.0,14.980761726796603,19.26300578034682,11.79579190751445,1,top-up chargers
269,Fleet,BEV (Battery Electric Vehicle),PASSENGER CAR,Colorado,70,55.92857142857143,55.0,22.782730192649343,25.0,14.887585714285715,0,deep chargers
272,Fleet,PHEV (Plug-in Hybrid Electric Vehicle),PASSENGER CAR,Colorado,5,68.0,80.0,38.50324661635691,10.0,1.2485199999999999,0,deep chargers
274,Fleet,PHEV (Plug-in Hybrid Electric Vehicle),MULTIPURPOSE PASSENGER VEHICLE (MPV),Colorado,5,72.0,85.0,34.74910070778811,11.0,1.54924,1,top-up chargers
275,Fleet,BEV (Battery Electric Vehicle),PASSENGER CAR,Colorado,76,72.17105263157895,77.5,19.03217497320068,19.736842105263158,11.535907894736843,1,top-up chargers
276,Fleet,BEV (Battery Electric Vehicle),PASSENGER CAR,Colorado,88,59.54545454545455,70.0,21.584322264252485,29.65909090909091,17.730170454545455,0,deep chargers
278,Fleet,BEV (Battery Electric Vehicle),PASSENGER CAR,Colorado,71,71.54929577464789,80.0,19.35738229970628,17.04225352112676,9.952140845070423,1,top-up chargers
279,Fleet,PHEV (Plug-in Hybrid Electric Vehicle),MULTIPURPOSE PASSENGER VEHICLE (MPV),Colorado,60,23.25,10.0,25.174391750348207,8.333333333333334,1.1557816666666667,0,deep chargers
281,Fleet,BEV (Battery Electric Vehicle),PASSENGER CAR,Colorado,22,77.72727272727273,80.0,18.304779022564983,20.227272727272727,12.021818181818183,1,top-up chargers
282,Fleet,BEV (Battery Electric Vehicle),PASSENGER CAR,Colorado,22,61.81818181818182,65.0,18.742964047842094,18.181818181818183,10.683954545454545,1,top-up chargers
285,Fleet,BEV (Battery Electric Vehicle),PASSENGER CAR,Colorado,77,65.45454545454545,70.0,18.764149366155838,21.428571428571427,12.504,1,top-up chargers
286,Fleet,PHEV (Plug-in Hybrid Electric Vehicle),PASSENGER CAR,Colorado,7,50.714285714285715,55.0,39.30951659888601,12.142857142857142,1.6189,0,deep chargers
289,Fleet,PHEV (Plug-in Hybrid Electric Vehicle),MULTIPURPOSE PASSENGER VEHICLE (MPV),Colorado,28,42.5,5.0,41.48850800277465,9.285714285714286,1.2767,0,deep chargers
290,Fleet,PHEV (Plug-in Hybrid Electric Vehicle),MULTIPURPOSE PASSENGER VEHICLE (MPV),Colorado,15,62.666666666666664,85.0,37.12270515594517,10.666666666666666,1.4746666666666668,0,deep chargers
292,Fleet,PHEV (Plug-in Hybrid Electric Vehicle),PASSENGER CAR,Colorado,15,69.66666666666667,85.0,37.34332349328069,10.0,1.37816,0,deep chargers
293,Fleet,PHEV (Plug-in Hybrid Electric Vehicle),MULTIPURPOSE PASSENGER VEHICLE (MPV),Colorado,7,67.14285714285714,85.0,31.339158526400436,14.285714285714286,1.7734,0,deep chargers
294,Fleet,BEV (Battery Electric Vehicle),PASSENGER CAR,Colorado,5,32.0,30.0,26.832815729997478,17.0,11.106,0,deep chargers
297,Fleet,BEV (Battery Electric Vehicle),PASSENGER CAR,Colorado,25,67.4,70.0,17.86057109949175,26.0,15.47952,1,top-up chargers
300,Fleet,BEV (Battery Electric Vehicle),PASSENGER CAR,Colorado,58,72.24137931034483,75.0,16.441614238446306,19.56896551724138,11.533603448275862,1,top-up chargers
301,Fleet,BEV (Battery Electric Vehicle),PASSENGER CAR,Colorado,55,53.18181818181818,45.0,25.862235380090773,31.181818181818183,17.771072727272728,0,deep chargers
302,Fleet,BEV (Battery Electric Vehicle),PASSENGER CAR,Colorado,23,57.17391304347826,55.0,23.732701209920616,24.130434782608695,14.270608695652173,0,deep chargers
307,Fleet,PHEV (Plug-in Hybrid Electric Vehicle),PASSENGER CAR,Colorado,23,28.47826086956522,15.0,28.858383948354973,9.782608695652174,1.2814565217391305,0,deep chargers
308,Fleet,PHEV (Plug-in Hybrid Electric Vehicle),MULTIPURPOSE PASSENGER VEHICLE (MPV),Colorado,13,67.6923076923077,85.0,31.99058355043615,10.76923076923077,1.500530769230769,1,top-up chargers
309,Fleet,PHEV (Plug-in Hybrid Electric Vehicle),PASSENGER CAR,Colorado,26,87.5,95.0,25.77789750930048,5.1923076923076925,0.8064,1,top-up chargers
310,Fleet,PHEV (Plug-in Hybrid Electric Vehicle),MULTIPURPOSE PASSENGER VEHICLE (MPV),Colorado,6,3.3333333333333335,5.0,2.581988897471611,5.833333333333333,0.7466666666666667,0,deep chargers
313,Fleet,PHEV (Plug-in Hybrid Electric Vehicle),PASSENGER CAR,Colorado,13,32.30769230769231,15.0,32.8896757240136,10.0,1.4243384615384616,0,deep chargers
314,Fleet,BEV (Battery Electric Vehicle),PASSENGER CAR,Colorado,72,59.30555555555556,60.0,18.295415333416788,20.34722222222222,12.013041666666666,1,top-up chargers
316,Fleet,BEV (Battery Electric Vehicle),PASSENGER CAR,Colorado,101,72.32673267326733,75.0,15.48490162118642,15.544554455445544,9.300148514851486,1,top-up chargers
318,Fleet,PHEV (Plug-in Hybrid Electric Vehicle),PASSENGER CAR,Colorado,25,29.4,15.0,31.135456744147284,9.0,1.1527880000000001,0,deep chargers
320,Fleet,BEV (Battery Electric Vehicle),PASSENGER CAR,Colorado,141,67.26950354609929,70.0,17.773125552210285,22.30496453900709,13.114702127659575,1,top-up chargers
322,Fleet,BEV (Battery Electric Vehicle),PASSENGER CAR,Colorado,11,50.45454545454545,45.0,26.405922200762603,29.545454545454547,16.87690909090909,0,deep chargers
323,Fleet,PHEV (Plug-in Hybrid Electric Vehicle),PASSENGER CAR,Colorado,14,28.928571428571427,0.0,39.182932480892724,10.714285714285714,1.3682999999999998,0,deep chargers
324,Fleet,BEV (Battery Electric Vehicle),PASSENGER CAR,Colorado,557,70.77199281867145,75.0,16.021458356094286,16.166965888689408,9.552371633752244,1,top-up chargers
325,Fleet,BEV (Battery Electric Vehicle),PASSENGER CAR,Colorado,60,47.333333333333336,40.0,23.20627228674023,29.416666666666668,17.372400000000003,0,deep chargers
326,Fleet,PHEV (Plug-in Hybrid Electric Vehicle),PASSENGER CAR,Colorado,19,23.94736842105263,15.0,31.516263322309797,8.157894736842104,1.1298000000000001,0,deep chargers
327,Fleet,BEV (Battery Electric Vehicle),PASSENGER CAR,Colorado,132,76.43939393939394,80.0,16.88002459015501,17.613636363636363,10.410931818181817,1,top-up chargers
334,Fleet,PHEV (Plug-in Hybrid Electric Vehicle),PASSENGER CAR,Colorado,26,25.576923076923077,15.0,25.62525797243505,8.653846153846153,1.1725807692307693,0,deep chargers
525,Fleet,BEV (Battery Electric Vehicle),PASSENGER CAR,Georgia,73,80.61643835616438,85.0,13.767544500852463,18.356164383561644,12.012780821917808,1,top-up chargers
526,Fleet,BEV (Battery Electric Vehicle),PASSENGER CAR,Georgia,48,70.0,70.0,11.39242002572558,22.5,14.747356250000001,1,top-up chargers
527,Fleet,BEV (Battery Electric Vehicle),PASSENGER CAR,Georgia,156,59.77564102564103,65.0,22.3342854382684,21.73076923076923,13.599088461538463,0,deep chargers
528,Fleet,BEV (Battery Electric Vehicle),PASSENGER CAR,Georgia,122,70.61475409836065,75.0,19.735627355853556,22.09016393442623,14.585632786885247,1,top-up chargers
529,Fleet,BEV (Battery Electric Vehicle),PASSENGER CAR,Georgia,148,67.53378378378379,80.0,25.431625161886547,20.0,13.091991891891892,0,deep chargers
530,Fleet,BEV (Battery Electric Vehicle),PASSENGER CAR,Georgia,32,67.65625,77.5,19.91855898240342,12.5,7.457484375,1,top-up chargers
531,Fleet,PHEV (Plug-in Hybrid Electric Vehicle),MULTIPURPOSE PASSENGER VEHICLE (MPV),Washington,8,75.625,77.5,18.407587721216643,8.75,1.4188,1,top-up chargers
532,Fleet,BEV (Battery Electric Vehicle),PASSENGER CAR,Washington,96,46.5625,50.0,23.002431221617925,27.708333333333332,10.379166666666666,0,deep chargers
533,Fleet,BEV (Battery Electric Vehicle),PASSENGER CAR,Washington,61,69.59016393442623,70.0,16.311935353374775,24.75409836065574,9.6,1,top-up chargers
534,Fleet,BEV (Battery Electric Vehicle),PASSENGER CAR,Washington,49,55.40816326530612,60.0,19.943585400811354,28.571428571428573,11.110204081632652,0,deep chargers
535,Fleet,BEV (Battery Electric Vehicle),PASSENGER CAR,Washington,31,60.806451612903224,60.0,18.26183516670529,26.129032258064516,9.76774193548387,0,deep chargers
537,Fleet,BEV (Battery Electric Vehicle),PASSENGER CAR,Washington,241,70.51867219917013,70.0,16.02214170753291,18.029045643153527,7.085477178423236,1,top-up chargers
538,Fleet,BEV (Battery Electric Vehicle),PASSENGER CAR,Washington,20,70.5,70.0,11.686699592631832,28.0,11.2,1,top-up chargers
542,Personal,PHEV (Plug-in Hybrid Electric Vehicle),PASSENGER CAR,California,41,33.90243902439025,20.0,29.144300367352088,18.048780487804876,5.041463414634146,0,deep chargers
544,Personal,PHEV (Plug-in Hybrid Electric Vehicle),PASSENGER CAR,California,13,51.15384615384615,40.0,35.71611716915804,12.692307692307692,3.473076923076923,0,deep chargers
545,Fleet,BEV (Battery Electric Vehicle),PASSENGER CAR,Texas,26,30.576923076923077,25.0,16.020419662226274,51.92307692307692,31.35038076923077,0,deep chargers
546,Fleet,BEV (Battery Electric Vehicle),PASSENGER CAR,Massachusetts,37,61.62162162162162,60.0,16.50143318918988,29.324324324324323,11.22162162162162,0,deep chargers
547,Fleet,BEV (Battery Electric Vehicle),PASSENGER CAR,Texas,55,30.636363636363637,20.0,20.093636026220064,38.18181818181818,24.57594,0,deep chargers
548,Fleet,BEV (Battery Electric Vehicle),PASSENGER CAR,Massachusetts,39,68.97435897435898,65.0,18.573449045524466,25.384615384615383,9.866666666666667,1,top-up chargers
550,Fleet,PHEV (Plug-in Hybrid Electric Vehicle),PASSENGER CAR,Colorado,6,91.66666666666667,90.0,2.5819888974716116,8.333333333333334,0.7182000000000001,1,top-up chargers
552,Fleet,BEV (Battery Electric Vehicle),PASSENGER CAR,New York,134,48.656716417910445,50.0,17.180643277326258,22.761194029850746,14.615790298507463,0,deep chargers
562,Fleet,BEV (Battery Electric Vehicle),PASSENGER CAR,Washington,166,66.59638554216868,75.0,22.279486125313404,16.746987951807228,10.230174698795182,1,top-up chargers
563,Fleet,BEV (Battery Electric Vehicle),PASSENGER CAR,Washington,64,68.4375,75.0,13.768926368215256,9.84375,5.827078125,1,top-up chargers
564,Fleet,BEV (Battery Electric Vehicle),PASSENGER CAR,Washington,56,63.839285714285715,60.0,19.211527586524507,25.089285714285715,14.887892857142857,0,deep chargers
565,Fleet,BEV (Battery Electric Vehicle),PASSENGER CAR,Washington,33,63.18181818181818,70.0,22.389247622260758,24.545454545454547,14.212181818181818,0,deep chargers
567,Fleet,BEV (Battery Electric Vehicle),PASSENGER CAR,Washington,88,64.43181818181819,65.0,16.581942438900867,25.28409090909091,15.349943181818183,1,top-up chargers
568,Fleet,BEV (Battery Electric Vehicle),PASSENGER CAR,Washington,36,60.0,55.0,17.5662013130736,25.416666666666668,15.2665,0,deep chargers
569,Fleet,BEV (Battery Electric Vehicle),PASSENGER CAR,Washington,59,82.45762711864407,85.0,10.961251554985212,16.35593220338983,9.955271186440678,1,top-up chargers
570,Fleet,BEV (Battery Electric Vehicle),PASSENGER CAR,Washington,72,69.86111111111111,77.5,22.05901531108138,21.319444444444443,12.412083333333333,1,top-up chargers
571,Fleet,BEV (Battery Electric Vehicle),PASSENGER CAR,Washington,58,56.63793103448276,55.0,11.097175673340711,20.0,12.303827586206896,1,top-up chargers
572,Fleet,BEV (Battery Electric Vehicle),PASSENGER CAR,Washington,92,67.3913043478261,75.0,21.69314294949521,20.434782608695652,12.28920652173913,1,top-up chargers
573,Fleet,BEV (Battery Electric Vehicle),PASSENGER CAR,Washington,123,72.64227642276423,80.0,15.382089905386408,15.487804878048781,9.24580487804878,1,top-up chargers
574,Fleet,PHEV (Plug-in Hybrid Electric Vehicle),MULTIPURPOSE PASSENGER VEHICLE (MPV),Washington,5,18.0,0.0,40.24922359499622,8.0,0.97608,0,deep chargers
576,Fleet,BEV (Battery Electric Vehicle),PASSENGER CAR,Washington,52,82.78846153846153,85.0,12.263986075068413,8.75,5.009307692307692,1,top-up chargers
577,Fleet,BEV (Battery Electric Vehicle),PASSENGER CAR,Washington,169,65.97633136094674,65.0,18.58281100997381,28.076923076923077,16.402473372781067,0,deep chargers
579,Fleet,BEV (Battery Electric Vehicle),PASSENGER CAR,Washington,30,73.66666666666667,85.0,25.152408993194257,19.666666666666668,11.556000000000001,1,top-up chargers
580,Fleet,BEV (Battery Electric Vehicle),PASSENGER CAR,Washington,271,77.98892988929889,80.0,12.33467962466859,12.490774907749078,7.960981549815498,1,top-up chargers
581,Fleet,BEV (Battery Electric Vehicle),PASSENGER CAR,Washington,62,57.096774193548384,60.0,28.422289612215174,42.25806451612903,26.202983870967742,0,deep chargers
583,Fleet,BEV (Battery Electric Vehicle),PASSENGER CAR,Washington,124,51.653225806451616,45.0,22.03767814000049,19.112903225806452,11.263814516129033,0,deep chargers
586,Fleet,BEV (Battery Electric Vehicle),PASSENGER CAR,Washington,5,73.0,70.0,9.082951062292473,24.0,14.306400000000002,1,top-up chargers
587,Fleet,BEV (Battery Electric Vehicle),PASSENGER CAR,Washington,102,83.03921568627452,85.0,10.224143013908824,15.147058823529411,9.158941176470588,1,top-up chargers
588,Fleet,BEV (Battery Electric Vehicle),PASSENGER CAR,Washington,70,60.357142857142854,60.0,21.990139894688973,20.857142857142858,12.425371428571427,0,deep chargers
589,Fleet,BEV (Battery Electric Vehicle),PASSENGER CAR,Washington,195,73.74358974358974,80.0,15.57608189672559,19.94871794871795,12.10536923076923,1,top-up chargers
590,Fleet,BEV (Battery Electric Vehicle),PASSENGER CAR,Washington,176,60.17045454545455,57.5,20.155805454173585,21.107954545454547,12.82102840909091,0,deep chargers
591,Fleet,BEV (Battery Electric Vehicle),PASSENGER CAR,Washington,78,62.88461538461539,60.0,16.81679800986785,20.705128205128204,12.671384615384616,1,top-up chargers
592,Fleet,BEV (Battery Electric Vehicle),PASSENGER CAR,Washington,79,75.44303797468355,75.0,12.094443347387047,22.72151898734177,8.99746835443038,1,top-up chargers
593,Fleet,BEV (Battery Electric Vehicle),PASSENGER CAR,Washington,126,63.65079365079365,80.0,32.12732605376737,21.071428571428573,12.393039682539682,0,deep chargers
594,Fleet,BEV (Battery Electric Vehicle),PASSENGER CAR,Washington,63,72.14285714285714,80.0,22.028469221014838,17.936507936507937,10.706507936507936,1,top-up chargers
595,Fleet,BEV (Battery Electric Vehicle),PASSENGER CAR,Washington,54,54.44444444444444,60.0,17.3658379309501,23.51851851851852,14.43059259259259,0,deep chargers
596,Fleet,BEV (Battery Electric Vehicle),PASSENGER CAR,Washington,39,53.97435897435897,60.0,21.403992715928855,18.58974358974359,11.05923076923077,0,deep chargers
597,Fleet,BEV (Battery Electric Vehicle),PASSENGER CAR,New York,7,74.28571428571429,80.0,13.972762620115438,25.714285714285715,15.093,1,top-up chargers
600,Fleet,BEV (Battery Electric Vehicle),PASSENGER CAR,Washington,167,67.06586826347305,75.0,22.449712941130617,18.41317365269461,11.226520958083832,1,top-up chargers
601,Fleet,BEV (Battery Electric Vehicle),PASSENGER CAR,Washington,13,55.76923076923077,55.0,22.064881018464032,36.53846153846154,20.326153846153847,0,deep chargers
602,Fleet,BEV (Battery Electric Vehicle),PASSENGER CAR,Washington,111,87.97297297297297,90.0,9.104903233931863,10.36036036036036,6.630864864864864,1,top-up chargers
603,Fleet,BEV (Battery Electric Vehicle),PASSENGER CAR,Washington,298,80.23489932885906,80.0,7.301482033725833,15.46979865771812,9.463520134228187,1,top-up chargers
605,Fleet,BEV (Battery Electric Vehicle),PASSENGER CAR,Washington,175,68.88571428571429,75.0,15.602408133780848,22.37142857142857,13.723834285714284,1,top-up chargers
606,Fleet,BEV (Battery Electric Vehicle),PASSENGER CAR,Washington,75,76.53333333333333,80.0,13.481051099181355,21.0,12.69288,1,top-up chargers
607,Fleet,BEV (Battery Electric Vehicle),PASSENGER CAR,Washington,84,84.58333333333333,85.0,7.573269945715838,15.05952380952381,9.10627380952381,1,top-up chargers
608,Fleet,BEV (Battery Electric Vehicle),PASSENGER CAR,Washington,24,85.625,90.0,12.09675666197888,11.041666666666666,6.523625,1,top-up chargers
609,Fleet,BEV (Battery Electric Vehicle),PASSENGER CAR,Washington,28,51.964285714285715,42.5,29.228958424514733,24.464285714285715,13.764642857142857,0,deep chargers
611,Fleet,BEV (Battery Electric Vehicle),PASSENGER CAR,Washington,98,72.90816326530613,75.0,16.496226831745787,14.642857142857142,9.392102040816328,1,top-up chargers
612,Fleet,BEV (Battery Electric Vehicle),PASSENGER CAR,Texas,41,56.951219512195124,60.0,19.42543592755668,20.0,11.502439024390245,0,deep chargers
618,Fleet,BEV (Battery Electric Vehicle),PASSENGER CAR,Other,9,42.77777777777778,45.0,20.632364005233246,16.11111111111111,3.6370666666666662,0,deep chargers
619,Fleet,BEV (Battery Electric Vehicle),PASSENGER CAR,Other,11,39.54545454545455,30.0,25.53963052341845,15.0,3.2556,0,deep chargers
621,Fleet,BEV (Battery Electric Vehicle),PASSENGER CAR,Texas,13,78.46153846153847,85.0,14.344658614593476,18.46153846153846,7.3538461538461535,1,top-up chargers
622,Fleet,BEV (Battery Electric Vehicle),PASSENGER CAR,Texas,30,61.666666666666664,60.0,16.099546648860976,27.166666666666668,10.120000000000001,0,deep chargers
623,Fleet,BEV (Battery Electric Vehicle),PASSENGER CAR,Texas,161,73.9751552795031,75.0,9.033237452983713,25.279503105590063,10.064596273291926,1,top-up chargers
624,Fleet,BEV (Battery Electric Vehicle),PASSENGER CAR,Texas,29,81.37931034482759,90.0,16.360697228208327,16.551724137931036,6.496551724137931,1,top-up chargers
626,Fleet,BEV (Battery Electric Vehicle),PASSENGER CAR,Texas,396,76.06060606060606,75.0,8.427583622113177,18.11868686868687,11.158858333333333,1,top-up chargers
630,Fleet,PHEV (Plug-in Hybrid Electric Vehicle),MULTIPURPOSE PASSENGER VEHICLE (MPV),Ohio,46,2.8260869565217392,0.0,14.245941874912365,6.195652173913044,0.8750782608695652,0,deep chargers
636,Fleet,BEV (Battery Electric Vehicle),PASSENGER CAR,Ohio,5,33.0,25.0,20.796634343085422,31.0,11.68,0,deep chargers
638,Fleet,BEV (Battery Electric Vehicle),PASSENGER CAR,New York,57,52.45614035087719,50.0,17.781481313271836,35.78947368421053,22.2264149122807,0,deep chargers
639,Fleet,BEV (Battery Electric Vehicle),PASSENGER CAR,New York,90,47.166666666666664,50.0,14.182795401233793,45.27777777777778,26.141466666666666,0,deep chargers
640,Fleet,BEV (Battery Electric Vehicle),PASSENGER CAR,New York,66,49.92424242424242,55.0,17.9634762834614,35.75757575757576,22.518087878787878,0,deep chargers
641,Fleet,BEV (Battery Electric Vehicle),PASSENGER CAR,New York,156,44.39102564102564,40.0,20.978813803899715,29.487179487179485,18.60608269230769,0,deep chargers
642,Fleet,BEV (Battery Electric Vehicle),PASSENGER CAR,New York,111,56.171171171171174,65.0,23.00153112448026,31.98198198198198,20.385342342342344,0,deep chargers
643,Fleet,BEV (Battery Electric Vehicle),PASSENGER CAR,New York,105,70.19047619047619,75.0,14.998778949080155,20.38095238095238,13.593450952380952,1,top-up chargers
644,Fleet,BEV (Battery Electric Vehicle),PASSENGER CAR,New York,20,48.0,45.0,13.218806379747877,40.0,24.01155,0,deep chargers
645,Fleet,BEV (Battery Electric Vehicle),PASSENGER CAR,New York,32,54.375,50.0,17.12148245013622,31.25,19.22728125,0,deep chargers
646,Personal,BEV (Battery Electric Vehicle),PASSENGER CAR,New York,308,54.39935064935065,55.0,15.859098629775824,33.45779220779221,19.43299512987013,0,deep chargers
648,Personal,BEV (Battery Electric Vehicle),PASSENGER CAR,Other,140,54.57142857142857,55.0,16.55039952880916,24.928571428571427,15.925507142857143,0,deep chargers
649,Personal,PHEV (Plug-in Hybrid Electric Vehicle),MULTIPURPOSE PASSENGER VEHICLE (MPV),New York,226,56.349557522123895,60.0,31.426343157417904,35.663716814159294,4.18083982300885,0,deep chargers
650,Personal,PHEV (Plug-in Hybrid Electric Vehicle),PASSENGER CAR,Georgia,256,46.93359375,45.0,24.072429196623897,13.73046875,1.746166015625,0,deep chargers
652,Personal,PHEV (Plug-in Hybrid Electric Vehicle),PASSENGER CAR,New York,54,78.70370370370371,90.0,22.637112314698793,15.925925925925926,2.4028722222222223,1,top-up chargers
653,Personal,PHEV (Plug-in Hybrid Electric Vehicle),MULTIPURPOSE PASSENGER VEHICLE (MPV),Other,44,51.47727272727273,55.0,27.09971993021299,47.95454545454545,5.338375,0,deep chargers
654,Personal,BEV (Battery Electric Vehicle),PASSENGER CAR,Georgia,85,46.1764705882353,40.0,19.29790049682696,38.588235294117645,22.6295,0,deep chargers
656,Personal,BEV (Battery Electric Vehicle),PASSENGER CAR,New York,63,64.28571428571429,65.0,19.71279965012791,25.396825396825395,14.635674603174603,0,deep chargers
658,Personal,BEV (Battery Electric Vehicle),PASSENGER CAR,New York,127,59.29133858267716,60.0,17.005186060607524,17.086614173228348,9.77905905511811,1,top-up chargers
659,Personal,PHEV (Plug-in Hybrid Electric Vehicle),PASSENGER CAR,Other,210,58.42857142857143,65.0,29.263808221652038,35.976190476190474,5.099666666666667,0,deep chargers
661,Personal,BEV (Battery Electric Vehicle),MULTIPURPOSE PASSENGER VEHICLE (MPV),Other,13,36.15384615384615,30.0,14.016931153942327,44.23076923076923,24.665384615384614,0,deep chargers
662,Personal,PHEV (Plug-in Hybrid Electric Vehicle),PASSENGER CAR,California,44,85.22727272727273,95.0,20.796761416438432,6.704545454545454,0.8234704545454545,1,top-up chargers
664,Personal,PHEV (Plug-in Hybrid Electric Vehicle),MULTIPURPOSE PASSENGER VEHICLE (MPV),California,112,51.830357142857146,60.0,29.462111381883457,27.767857142857142,3.2224339285714287,0,deep chargers
665,Personal,BEV (Battery Electric Vehicle),MULTIPURPOSE PASSENGER VEHICLE (MPV),Other,83,45.12048192771084,45.0,16.982342041907174,41.86746987951807,24.73277108433735,0,deep chargers
666,Personal,BEV (Battery Electric Vehicle),PASSENGER CAR,California,151,54.437086092715234,55.0,18.819697538816573,23.344370860927153,13.099334437086092,0,deep chargers
667,Personal,BEV (Battery Electric Vehicle),PASSENGER CAR,California,78,59.1025641025641,57.5,17.81476823778427,34.03846153846154,20.076679487179486,0,deep chargers
668,Personal,BEV (Battery Electric Vehicle),PASSENGER CAR,California,51,50.09803921568628,55.0,17.506861399989184,23.627450980392158,15.346372549019607,0,deep chargers
669,Personal,BEV (Battery Electric Vehicle),PASSENGER CAR,California,24,23.333333333333332,25.0,17.236631030319188,49.583333333333336,25.77208333333333,0,deep chargers
670,Personal,PHEV (Plug-in Hybrid Electric Vehicle),PASSENGER CAR,New York,136,49.85294117647059,50.0,22.31044578858529,40.845588235294116,5.8598,0,deep chargers
671,Personal,BEV (Battery Electric Vehicle),MULTIPURPOSE PASSENGER VEHICLE (MPV),New York,195,58.02564102564103,55.0,23.155110299095025,25.358974358974358,14.637076923076924,0,deep chargers
673,Personal,BEV (Battery Electric Vehicle),PASSENGER CAR,Other,11,61.36363636363637,60.0,23.24767828094981,11.363636363636363,7.068181818181818,1,top-up chargers
674,Personal,BEV (Battery Electric Vehicle),PASSENGER CAR,Other,94,63.138297872340424,65.0,17.566831565912977,13.51063829787234,7.575765957446808,1,top-up chargers
675,Personal,PHEV (Plug-in Hybrid Electric Vehicle),PASSENGER CAR,Other,50,47.2,45.0,24.14158914675279,39.6,6.275600000000001,0,deep chargers
676,Personal,BEV (Battery Electric Vehicle),PASSENGER CAR,Other,113,67.16814159292035,70.0,18.93216398414691,26.5929203539823,15.712429203539823,1,top-up chargers
677,Personal,BEV (Battery Electric Vehicle),PASSENGER CAR,Other,33,70.3030303030303,70.0,15.857736377878872,24.393939393939394,13.531818181818181,1,top-up chargers
679,Personal,PHEV (Plug-in Hybrid Electric Vehicle),PASSENGER CAR,Other,248,37.96370967741935,35.0,22.296917361698224,11.048387096774194,1.4526947580645162,0,deep chargers
680,Personal,BEV (Battery Electric Vehicle),MULTIPURPOSE PASSENGER VEHICLE (MPV),Other,43,45.46511627906977,45.0,18.054611384576017,37.7906976744186,21.543023255813953,0,deep chargers
681,Personal,PHEV (Plug-in Hybrid Electric Vehicle),PASSENGER CAR,Other,503,53.79721669980119,55.0,20.908037880554474,12.554671968190855,1.6449373757455268,1,top-up chargers
682,Personal,BEV (Battery Electric Vehicle),PASSENGER CAR,Other,65,42.46153846153846,45.0,13.14353087439421,43.46153846153846,24.511915384615385,0,deep chargers
683,Personal,PHEV (Plug-in Hybrid Electric Vehicle),PASSENGER CAR,California,15,83.66666666666667,90.0,23.86469797679848,5.0,0.8117666666666667,1,top-up chargers
684,Personal,BEV (Battery Electric Vehicle),PASSENGER CAR,California,141,47.5177304964539,45.0,25.964426993451593,31.77304964539007,18.704808510638298,0,deep chargers
685,Personal,PHEV (Plug-in Hybrid Electric Vehicle),PASSENGER CAR,Other,44,68.86363636363636,77.5,25.308874175884235,17.727272727272727,2.4986363636363635,1,top-up chargers
686,Fleet,BEV (Battery Electric Vehicle),PASSENGER CAR,Texas,41,41.829268292682926,40.0,17.880020188781096,34.75609756097561,20.252268292682928,0,deep chargers
687,Fleet,BEV (Battery Electric Vehicle),PASSENGER CAR,Texas,46,45.54347826086956,40.0,15.06387366699125,37.28260869565217,24.54647608695652,0,deep chargers
688,Fleet,BEV (Battery Electric Vehicle),PASSENGER CAR,Texas,10,24.5,17.5,16.064107680028652,57.5,34.11837,0,deep chargers
689,Fleet,BEV (Battery Electric Vehicle),PASSENGER CAR,Texas,66,52.196969696969695,50.0,12.31411909709863,33.56060606060606,19.843454545454545,0,deep chargers
690,Fleet,BEV (Battery Electric Vehicle),PASSENGER CAR,Texas,46,59.78260869565217,60.0,21.831590814412106,32.608695652173914,21.547995652173913,0,deep chargers
691,Fleet,BEV (Battery Electric Vehicle),PASSENGER CAR,Texas,11,40.45454545454545,35.0,21.500528534729728,33.63636363636363,22.3992,0,deep chargers
692,Fleet,BEV (Battery Electric Vehicle),PASSENGER CAR,Texas,30,36.0,30.0,17.340405277052025,37.333333333333336,23.4498,0,deep chargers
693,Fleet,BEV (Battery Electric Vehicle),PASSENGER CAR,Texas,106,58.34905660377358,60.0,19.526803289852005,36.367924528301884,21.076896226415094,0,deep chargers
694,Fleet,BEV (Battery Electric Vehicle),PASSENGER CAR,Texas,14,46.785714285714285,50.0,11.025694266844791,46.785714285714285,26.94107142857143,0,deep chargers
695,Fleet,BEV (Battery Electric Vehicle),PASSENGER CAR,Texas,18,23.61111111111111,20.0,10.820127697892147,74.16666666666667,41.61025,0,deep chargers
696,Fleet,BEV (Battery Electric Vehicle),PASSENGER CAR,Texas,70,56.214285714285715,55.0,16.82035762526534,37.92857142857143,22.67262857142857,0,deep chargers
697,Fleet,BEV (Battery Electric Vehicle),BUS,California,297,49.10774410774411,45.0,22.9635839934926,23.804713804713806,119.20962483304713,2,variable threshold chargers
698,Fleet,BEV (Battery Electric Vehicle),BUS,California,385,47.506493506493506,45.0,20.804536374700433,25.636363636363637,126.82206450297143,2,variable threshold chargers
699,Fleet,BEV (Battery Electric Vehicle),BUS,California,248,48.185483870967744,40.0,25.85254572402288,23.18548387096774,114.27010793322178,2,variable threshold chargers
700,Fleet,BEV (Battery Electric Vehicle),BUS,California,419,52.20763723150358,50.0,22.050015762390576,23.818615751789977,119.53146801689975,2,variable threshold chargers
701,Fleet,BEV (Battery Electric Vehicle),BUS,California,304,52.598684210526315,47.5,23.476484932749994,21.43092105263158,107.74122338633882,2,variable threshold chargers
702,Fleet,BEV (Battery Electric Vehicle),BUS,California,426,48.16901408450704,45.0,23.124818904774692,25.211267605633804,125.3890857827864,2,variable threshold chargers
703,Fleet,BEV (Battery Electric Vehicle),BUS,California,352,49.31818181818182,45.0,22.34706578930106,23.508522727272727,116.17591328457671,2,variable threshold chargers
745,Fleet,BEV (Battery Electric Vehicle),PASSENGER CAR,Washington,75,54.266666666666666,55.0,23.861839564195126,19.4,7.653333333333333,0,deep chargers
746,Fleet,BEV (Battery Electric Vehicle),PASSENGER CAR,Washington,34,58.6764705882353,57.5,16.66555254743238,26.470588235294116,10.08235294117647,0,deep chargers
747,Fleet,BEV (Battery Electric Vehicle),PASSENGER CAR,New York,10,59.0,60.0,17.91957340762082,18.5,12.20927,1,top-up chargers
749,Fleet,BEV (Battery Electric Vehicle),PASSENGER CAR,New York,291,63.69415807560137,65.0,8.779635541239449,16.61512027491409,10.46182766323024,1,top-up chargers
750,Fleet,BEV (Battery Electric Vehicle),PASSENGER CAR,New York,104,45.04807692307692,45.0,19.502242742670017,39.61538461538461,24.912540384615383,0,deep chargers
751,Fleet,BEV (Battery Electric Vehicle),PASSENGER CAR,New York,114,63.90350877192982,65.0,10.34277080542495,19.385964912280702,12.138551754385965,1,top-up chargers
753,Fleet,BEV (Battery Electric Vehicle),PASSENGER CAR,New York,316,59.50949367088607,60.0,10.21187785212037,21.53481012658228,13.76729509493671,1,top-up chargers
754,Fleet,BEV (Battery Electric Vehicle),PASSENGER CAR,New York,74,66.28378378378379,65.0,10.88736891655706,18.513513513513512,12.092761486486488,1,top-up chargers
768,Fleet,BEV (Battery Electric Vehicle),PASSENGER CAR,Georgia,12,63.75,65.0,15.094399924836663,30.0,19.175475000000002,0,deep chargers
770,Fleet,PHEV (Plug-in Hybrid Electric Vehicle),PASSENGER CAR,California,49,68.9795918367347,75.0,18.791054826608285,18.06122448979592,5.418367346938775,1,top-up chargers
807,Personal,PHEV (Plug-in Hybrid Electric Vehicle),PASSENGER CAR,Other,26,42.11538461538461,45.0,26.913679678671848,7.3076923076923075,1.1224115384615385,0,deep chargers
809,Personal,BEV (Battery Electric Vehicle),PASSENGER CAR,Other,290,73.01724137931035,80.0,18.46018007547713,8.775862068965518,5.223756896551724,1,top-up chargers
811,Personal,BEV (Battery Electric Vehicle),PASSENGER CAR,Other,70,46.857142857142854,45.0,18.320247541430657,16.785714285714285,9.859428571428571,0,deep chargers
826,Personal,PHEV (Plug-in Hybrid Electric Vehicle),PASSENGER CAR,California,121,21.239669421487605,5.0,27.15143482807384,18.677685950413224,2.233673553719008,0,deep chargers
830,Personal,BEV (Battery Electric Vehicle),PASSENGER CAR,Ohio,203,52.01970443349754,50.0,26.318867341320562,15.270935960591133,8.16871921182266,0,deep chargers
848,Personal,BEV (Battery Electric Vehicle),MULTIPURPOSE PASSENGER VEHICLE (MPV),Other,59,54.49152542372882,60.0,27.397063070233322,31.864406779661017,18.660169491525423,0,deep chargers
858,Personal,PHEV (Plug-in Hybrid Electric Vehicle),MULTIPURPOSE PASSENGER VEHICLE (MPV),New York,49,21.836734693877553,15.0,24.63681775545792,64.08163265306122,8.390563265306122,0,deep chargers
860,Personal,BEV (Battery Electric Vehicle),PASSENGER CAR,Georgia,152,43.88157894736842,45.0,26.652021582687812,42.13815789473684,22.686375,0,deep chargers
863,Personal,BEV (Battery Electric Vehicle),MULTIPURPOSE PASSENGER VEHICLE (MPV),Other,12,51.666666666666664,50.0,8.876253645985946,37.083333333333336,24.373333333333335,0,deep chargers
864,Personal,PHEV (Plug-in Hybrid Electric Vehicle),PASSENGER CAR,Other,29,76.89655172413794,80.0,19.383986077588833,8.10344827586207,1.1056724137931035,1,top-up chargers
876,Personal,BEV (Battery Electric Vehicle),PASSENGER CAR,New York,43,36.04651162790697,35.0,17.64592693914174,36.51162790697674,20.61353488372093,0,deep chargers
885,Personal,BEV (Battery Electric Vehicle),PASSENGER CAR,Other,300,66.58333333333333,75.0,16.044765623152465,12.483333333333333,8.038668333333334,1,top-up chargers
898,Personal,BEV (Battery Electric Vehicle),MULTIPURPOSE PASSENGER VEHICLE (MPV),California,140,66.71428571428571,70.0,9.267632010564924,12.392857142857142,7.121642857142857,1,top-up chargers
904,Fleet,BEV (Battery Electric Vehicle),BUS,California,79,51.77215189873418,50.0,23.13613522181853,27.974683544303797,145.21645569620253,2,variable threshold chargers
906,Fleet,BEV (Battery Electric Vehicle),BUS,California,42,43.80952380952381,37.5,21.150146277805977,26.071428571428573,145.0702380952381,2,variable threshold chargers
907,Fleet,BEV (Battery Electric Vehicle),BUS,California,83,46.566265060240966,45.0,20.31651543190269,28.55421686746988,159.3379518072289,2,variable threshold chargers
908,Fleet,BEV (Battery Electric Vehicle),BUS,California,48,53.333333333333336,45.0,23.2088880015718,24.791666666666668,136.21145833333335,2,variable threshold chargers
911,Fleet,BEV (Battery Electric Vehicle),MULTIPURPOSE PASSENGER VEHICLE (MPV),Other,8,70.625,65.0,15.683817866104633,26.875,15.975000000000001,1,top-up chargers
912,Fleet,PHEV (Plug-in Hybrid Electric Vehicle),MULTIPURPOSE PASSENGER VEHICLE (MPV),Washington,20,83.5,85.0,11.596278894995855,11.5,1.5670935,1,top-up chargers
913,Fleet,PHEV (Plug-in Hybrid Electric Vehicle),MULTIPURPOSE PASSENGER VEHICLE (MPV),Washington,39,82.3076923076923,85.0,11.856940774686064,12.179487179487179,1.55664,1,top-up chargers
916,Fleet,PHEV (Plug-in Hybrid Electric Vehicle),MULTIPURPOSE PASSENGER VEHICLE (MPV),Washington,13,88.84615384615384,90.0,3.625055260409921,11.153846153846153,1.604196923076923,1,top-up chargers
918,Fleet,PHEV (Plug-in Hybrid Electric Vehicle),MULTIPURPOSE PASSENGER VEHICLE (MPV),Washington,9,77.22222222222223,85.0,29.059326290271155,12.222222222222221,1.5199933333333333,1,top-up chargers
919,Fleet,PHEV (Plug-in Hybrid Electric Vehicle),MULTIPURPOSE PASSENGER VEHICLE (MPV),Washington,22,81.5909090909091,85.0,13.308282744606444,13.863636363636363,1.7524745454545454,1,top-up chargers
920,Fleet,PHEV (Plug-in Hybrid Electric Vehicle),MULTIPURPOSE PASSENGER VEHICLE (MPV),Washington,13,41.53846153846154,20.0,43.07864007567127,8.846153846153847,1.1442323076923078,0,deep chargers
923,Fleet,PHEV (Plug-in Hybrid Electric Vehicle),MULTIPURPOSE PASSENGER VEHICLE (MPV),Washington,7,62.857142857142854,85.0,42.99778510353207,11.428571428571429,1.5112971428571427,0,deep chargers
924,Fleet,PHEV (Plug-in Hybrid Electric Vehicle),MULTIPURPOSE PASSENGER VEHICLE (MPV),Washington,18,87.22222222222223,85.0,2.556549962824568,12.777777777777779,1.7120433333333334,1,top-up chargers
925,Fleet,BEV (Battery Electric Vehicle),PASSENGER CAR,Other,9,85.0,90.0,14.142135623730951,14.444444444444445,6.088888888888889,1,top-up chargers
927,Fleet,BEV (Battery Electric Vehicle),MULTIPURPOSE PASSENGER VEHICLE (MPV),Other,17,45.88235294117647,40.0,18.306017975454058,46.1764705882353,28.55529411764706,0,deep chargers
928,Fleet,BEV (Battery Electric Vehicle),MULTIPURPOSE PASSENGER VEHICLE (MPV),Other,14,50.714285714285715,50.0,16.273756936711475,45.0,28.274285714285718,0,deep chargers
930,Fleet,BEV (Battery Electric Vehicle),PASSENGER CAR,Other,5,76.0,80.0,14.747881203752625,17.0,3.7627200000000003,1,top-up chargers
935,Fleet,BEV (Battery Electric Vehicle),PASSENGER CAR,Other,5,79.0,80.0,18.841443681416774,20.0,7.040000000000001,1,top-up chargers
942,Fleet,PHEV (Plug-in Hybrid Electric Vehicle),PASSENGER CAR,Colorado,8,95.0,95.0,0.0,5.0,0.5126,1,top-up chargers
945,Fleet,PHEV (Plug-in Hybrid Electric Vehicle),MULTIPURPOSE PASSENGER VEHICLE (MPV),Colorado,6,31.666666666666668,5.0,45.240100206196125,7.5,1.1039999999999999,0,deep chargers
946,Fleet,PHEV (Plug-in Hybrid Electric Vehicle),MULTIPURPOSE PASSENGER VEHICLE (MPV),Colorado,6,35.833333333333336,22.5,35.6954712346912,10.0,1.4061050000000002,0,deep chargers
950,Fleet,PHEV (Plug-in Hybrid Electric Vehicle),MULTIPURPOSE PASSENGER VEHICLE (MPV),Colorado,33,85.3030303030303,90.0,15.509039397406374,7.424242424242424,1.0454545454545454,1,top-up chargers
952,Fleet,PHEV (Plug-in Hybrid Electric Vehicle),MULTIPURPOSE PASSENGER VEHICLE (MPV),Colorado,8,73.125,82.5,20.51784937212336,12.5,1.4949712499999999,1,top-up chargers
969,Fleet,PHEV (Plug-in Hybrid Electric Vehicle),MULTIPURPOSE PASSENGER VEHICLE (MPV),Colorado,5,35.0,25.0,36.571847095819486,11.0,1.374342,0,deep chargers
971,Fleet,PHEV (Plug-in Hybrid Electric Vehicle),MULTIPURPOSE PASSENGER VEHICLE (MPV),Colorado,5,0.0,0.0,0.0,6.0,0.7176,0,deep chargers
972,Fleet,PHEV (Plug-in Hybrid Electric Vehicle),MULTIPURPOSE PASSENGER VEHICLE (MPV),Colorado,10,72.0,90.0,37.94733192202055,10.0,1.518,0,deep chargers
979,Fleet,PHEV (Plug-in Hybrid Electric Vehicle),PASSENGER CAR,Colorado,7,78.57142857142857,90.0,34.72682509174113,8.571428571428571,0.698782857142857,1,top-up chargers
984,Personal,BEV (Battery Electric Vehicle),PASSENGER CAR,Ohio,10,51.0,50.0,25.582111805799855,23.0,13.50205,0,deep chargers
985,Personal,BEV (Battery Electric Vehicle),PASSENGER CAR,Ohio,72,42.083333333333336,40.0,21.12588026335018,35.90277777777778,21.587305555555556,0,deep chargers
986,Personal,BEV (Battery Electric Vehicle),MULTIPURPOSE PASSENGER VEHICLE (MPV),Ohio,9,32.22222222222222,30.0,7.120003121097943,43.888888888888886,29.941111111111113,0,deep chargers
987,Personal,BEV (Battery Electric Vehicle),PASSENGER CAR,Ohio,48,36.25,30.0,20.224800448743355,42.708333333333336,25.801635416666667,0,deep chargers
988,Personal,BEV (Battery Electric Vehicle),PASSENGER CAR,Other,67,67.91044776119404,70.0,15.838896639796888,18.059701492537314,9.707574626865672,1,top-up chargers
990,Fleet,PHEV (Plug-in Hybrid Electric Vehicle),PASSENGER CAR,Other,50,62.5,65.0,21.219215396447066,30.3,3.4555160000000003,0,deep chargers
991,Fleet,BEV (Battery Electric Vehicle),PASSENGER CAR,New York,65,73.23076923076923,80.0,18.59163893962925,17.076923076923077,10.098461538461539,1,top-up chargers
995,Fleet,BEV (Battery Electric Vehicle),PASSENGER CAR,Other,5,55.0,65.0,22.360679774997898,28.0,16.4922,0,deep chargers
1009,Fleet,BEV (Battery Electric Vehicle),PASSENGER CAR,Colorado,57,52.10526315789474,55.0,26.99119182419008,29.29824561403509,23.827434210526313,0,deep chargers
1010,Fleet,BEV (Battery Electric Vehicle),PASSENGER CAR,Colorado,8,64.375,65.0,21.619683491802423,23.75,20.0399,0,deep chargers
1011,Fleet,BEV (Battery Electric Vehicle),PASSENGER CAR,Colorado,74,55.270270270270274,60.0,25.196377918262886,18.85135135135135,15.03545945945946,0,deep chargers
1012,Fleet,BEV (Battery Electric Vehicle),PASSENGER CAR,Ohio,14,61.07142857142857,65.0,23.053330430895315,33.214285714285715,19.51571428571429,0,deep chargers
1013,Fleet,BEV (Battery Electric Vehicle),PASSENGER CAR,Ohio,68,71.17647058823529,75.0,15.064974874003136,24.33823529411765,9.271911764705882,1,top-up chargers
1017,Fleet,BEV (Battery Electric Vehicle),PASSENGER CAR,Ohio,20,91.5,95.0,11.367080817685318,7.0,4.402,1,top-up chargers
1019,Fleet,BEV (Battery Electric Vehicle),PASSENGER CAR,Ohio,58,78.44827586206897,85.0,16.889914372237424,21.120689655172413,12.686327586206897,1,top-up chargers
1020,Fleet,BEV (Battery Electric Vehicle),PASSENGER CAR,Ohio,92,67.5,75.0,21.387322937141594,26.847826086956523,16.524347826086956,0,deep chargers
1023,Personal,BEV (Battery Electric Vehicle),PASSENGER CAR,Ohio,353,55.12747875354108,55.0,16.031685906362362,8.640226628895185,5.272345609065155,1,top-up chargers
1025,Fleet,BEV (Battery Electric Vehicle),PASSENGER CAR,Ohio,72,59.44444444444444,62.5,23.66960902161898,30.833333333333332,18.953055555555554,0,deep chargers
1026,Fleet,BEV (Battery Electric Vehicle),MULTIPURPOSE PASSENGER VEHICLE (MPV),Colorado,334,67.9940119760479,70.0,12.598678135527509,10.568862275449101,8.628755089820359,1,top-up chargers
1027,Fleet,BEV (Battery Electric Vehicle),PASSENGER CAR,Ohio,15,65.66666666666667,65.0,16.3517874368814,31.333333333333332,18.434666666666665,0,deep chargers
1028,Fleet,BEV (Battery Electric Vehicle),PASSENGER CAR,Ohio,21,76.19047619047619,75.0,12.932977412873834,18.095238095238095,7.295238095238095,1,top-up chargers
1029,Fleet,BEV (Battery Electric Vehicle),PASSENGER CAR,Ohio,82,57.13414634146341,55.0,19.658040917626064,34.63414634146341,21.56390243902439,0,deep chargers
1030,Fleet,BEV (Battery Electric Vehicle),PASSENGER CAR,Ohio,55,57.0,60.0,18.993176162525867,37.0,22.579272727272727,0,deep chargers
1031,Fleet,BEV (Battery Electric Vehicle),PASSENGER CAR,Ohio,108,42.638888888888886,40.0,20.455768710079052,20.925925925925927,12.85925925925926,0,deep chargers
1032,Fleet,BEV (Battery Electric Vehicle),PASSENGER CAR,Ohio,40,60.375,60.0,18.271018805888414,30.625,18.8325,0,deep chargers
1036,Fleet,BEV (Battery Electric Vehicle),PASSENGER CAR,Ohio,34,70.44117647058823,70.0,22.80907737492219,20.735294117647058,12.83764705882353,1,top-up chargers
1037,Fleet,BEV (Battery Electric Vehicle),PASSENGER CAR,Ohio,145,60.03448275862069,60.0,18.309611089194323,35.96551724137931,22.255862068965516,0,deep chargers
1039,Fleet,BEV (Battery Electric Vehicle),PASSENGER CAR,Ohio,24,72.5,75.0,19.615876444748835,25.0,14.905833333333334,1,top-up chargers
1040,Fleet,BEV (Battery Electric Vehicle),PASSENGER CAR,Ohio,80,68.0625,70.0,18.580882887009416,24.875,14.8275,1,top-up chargers
1041,Fleet,BEV (Battery Electric Vehicle),MULTIPURPOSE PASSENGER VEHICLE (MPV),Other,36,36.388888888888886,32.5,16.971030405248616,33.05555555555556,20.62222222222222,0,deep chargers
1042,Fleet,BEV (Battery Electric Vehicle),MULTIPURPOSE PASSENGER VEHICLE (MPV),Other,41,49.8780487804878,55.0,16.29753834471823,32.4390243902439,20.846829268292684,0,deep chargers
1048,Fleet,BEV (Battery Electric Vehicle),PASSENGER CAR,Georgia,14,34.642857142857146,20.0,25.07406610840753,63.57142857142857,34.03888214285714,0,deep chargers
1049,Fleet,BEV (Battery Electric Vehicle),PASSENGER CAR,Texas,39,68.33333333333333,70.0,21.00542954036976,25.512820512820515,15.553846153846154,1,top-up chargers
1051,Fleet,BEV (Battery Electric Vehicle),PASSENGER CAR,Georgia,15,42.333333333333336,40.0,16.460631244043494,47.0,29.245659999999997,0,deep chargers
1052,Fleet,BEV (Battery Electric Vehicle),PASSENGER CAR,Georgia,5,53.0,55.0,5.70087712549569,47.0,30.9452,0,deep chargers
1054,Fleet,BEV (Battery Electric Vehicle),PASSENGER CAR,New York,23,34.56521739130435,30.0,11.669019149231795,50.869565217391305,31.663202173913042,0,deep chargers
1055,Fleet,BEV (Battery Electric Vehicle),MULTIPURPOSE PASSENGER VEHICLE (MPV),New York,10,79.0,85.0,17.448336437736533,8.0,7.3,1,top-up chargers
1056,Personal,BEV (Battery Electric Vehicle),PASSENGER CAR,Ohio,33,61.21212121212121,65.0,19.12256124280554,12.727272727272727,8.443257575757576,1,top-up chargers
1057,Fleet,BEV (Battery Electric Vehicle),PASSENGER CAR,New York,35,84.0,85.0,11.232830034690064,15.428571428571429,9.985671428571427,1,top-up chargers
1058,Fleet,BEV (Battery Electric Vehicle),PASSENGER CAR,New York,28,86.25,85.0,6.888664870909579,13.75,8.767917857142857,1,top-up chargers
1059,Fleet,BEV (Battery Electric Vehicle),MULTIPURPOSE PASSENGER VEHICLE (MPV),New York,28,68.03571428571429,65.0,17.76071850160127,26.785714285714285,15.492857142857144,1,top-up chargers
1060,Personal,BEV (Battery Electric Vehicle),PASSENGER CAR,Ohio,328,61.58536585365854,65.0,9.107850187280063,9.893292682926829,5.403658536585366,1,top-up chargers
1061,Fleet,BEV (Battery Electric Vehicle),MULTIPURPOSE PASSENGER VEHICLE (MPV),Colorado,198,75.5050505050505,80.0,18.890479829004487,7.626262626262626,6.51147803030303,1,top-up chargers
1063,Personal,PHEV (Plug-in Hybrid Electric Vehicle),PASSENGER CAR,Ohio,107,54.345794392523366,55.0,19.77567726757516,9.626168224299066,1.3270093457943926,1,top-up chargers
1064,Personal,PHEV (Plug-in Hybrid Electric Vehicle),MULTIPURPOSE PASSENGER VEHICLE (MPV),New York,8,44.375,42.5,20.948491251502713,48.125,7.0225,0,deep chargers
1065,Personal,BEV (Battery Electric Vehicle),MULTIPURPOSE PASSENGER VEHICLE (MPV),Ohio,28,61.07142857142857,77.5,34.86368010517809,9.821428571428571,5.0321428571428575,0,deep chargers
1066,Personal,BEV (Battery Electric Vehicle),PASSENGER CAR,Other,141,66.77304964539007,75.0,16.378718244951823,16.134751773049647,9.212375886524823,1,top-up chargers
1067,Personal,BEV (Battery Electric Vehicle),PASSENGER CAR,Ohio,68,51.98529411764706,47.5,22.512678117709736,31.470588235294116,19.293676470588235,0,deep chargers
1068,Personal,PHEV (Plug-in Hybrid Electric Vehicle),MULTIPURPOSE PASSENGER VEHICLE (MPV),Ohio,39,70.38461538461539,85.0,27.82427507412924,10.76923076923077,1.423225641025641,1,top-up chargers
1069,Personal,BEV (Battery Electric Vehicle),PASSENGER CAR,New York,61,42.459016393442624,40.0,20.66847339185279,43.85245901639344,24.810000000000002,0,deep chargers
1070,Personal,BEV (Battery Electric Vehicle),PASSENGER CAR,New York,12,61.666666666666664,65.0,15.125735644519203,22.083333333333332,15.950000000000001,1,top-up chargers
1071,Personal,PHEV (Plug-in Hybrid Electric Vehicle),PASSENGER CAR,Other,8,91.25,95.0,10.606601717798213,0.625,1.293375,1,top-up chargers
1072,Fleet,BEV (Battery Electric Vehicle),PASSENGER CAR,New York,17,69.11764705882354,70.0,17.431588972828813,27.352941176470587,16.094117647058823,1,top-up chargers
1073,Fleet,BEV (Battery Electric Vehicle),MULTIPURPOSE PASSENGER VEHICLE (MPV),New York,34,84.41176470588235,85.0,10.924306085885299,12.941176470588236,7.332352941176471,1,top-up chargers
1099,Fleet,BEV (Battery Electric Vehicle),PASSENGER CAR,New York,45,79.33333333333333,80.0,13.382485161243746,19.0,12.37231888888889,1,top-up chargers
1102,Fleet,BEV (Battery Electric Vehicle),MULTIPURPOSE PASSENGER VEHICLE (MPV),Massachusetts,9,65.55555555555556,65.0,16.094339929856638,16.666666666666668,13.511111111111111,1,top-up chargers
1103,Fleet,BEV (Battery Electric Vehicle),PASSENGER CAR,Texas,6,50.0,50.0,7.0710678118654755,13.333333333333334,8.22585,1,top-up chargers
1123,Personal,BEV (Battery Electric Vehicle),MULTIPURPOSE PASSENGER VEHICLE (MPV),Other,41,45.73170731707317,40.0,15.352563939361888,24.75609756097561,15.817560975609755,0,deep chargers
1177,Fleet,BEV (Battery Electric Vehicle),MULTIPURPOSE PASSENGER VEHICLE (MPV),Other,7,74.28571428571429,70.0,15.39171081799427,17.857142857142858,12.16,1,top-up chargers
1308,Fleet,BEV (Battery Electric Vehicle),MULTIPURPOSE PASSENGER VEHICLE (MPV),Other,10,78.5,80.0,11.796892246124258,11.5,10.682,1,top-up chargers
