charge_level,weekday,hour,sessions,energy_kwh
DCFC,Monday,0,4560,200965.325335
DCFC,Monday,1,3282,123580.34523400001
DCFC,Monday,2,2868,115135.003255
DCFC,Monday,3,2635,93543.735378
DCFC,Monday,4,3628,122109.667109
DCFC,Monday,5,4840,134328.987722
DCFC,Monday,6,7755,201987.627432
DCFC,Monday,7,12143,306054.838004
DCFC,Monday,8,16957,464231.959252
DCFC,Monday,9,18676,519586.693047
DCFC,Monday,10,20149,570850.642132
DCFC,Monday,11,22159,602131.217002
DCFC,Monday,12,24298,648228.26695
DCFC,Monday,13,23651,631613.786848
DCFC,Monday,14,23551,647579.38187
DCFC,Monday,15,23190,593492.588623
DCFC,Monday,16,23812,604559.238449
DCFC,Monday,17,22775,568424.0467910001
DCFC,Monday,18,20310,574966.074705
DCFC,Monday,19,16783,534892.09816
DCFC,Monday,20,13736,482391.692514
DCFC,Monday,21,11885,586198.837807
DCFC,Monday,22,8414,343930.332833
DCFC,Monday,23,6034,259619.929565
DCFC,Tuesday,0,4563,245231.905028
DCFC,Tuesday,1,3370,159864.260883
DCFC,Tuesday,2,2912,135032.944075
DCFC,Tuesday,3,2534,98165.834269
DCFC,Tuesday,4,3732,132912.003898
DCFC,Tuesday,5,5161,139541.388329
DCFC,Tuesday,6,8292,209163.113477
DCFC,Tuesday,7,12670,318786.685129
DCFC,Tuesday,8,17256,460505.322026
DCFC,Tuesday,9,19141,529605.3248000001
DCFC,Tuesday,10,20070,566661.230275
DCFC,Tuesday,11,21560,575800.890064
DCFC,Tuesday,12,23826,627903.749726
DCFC,Tuesday,13,23401,622486.932541
DCFC,Tuesday,14,23473,648593.260395
DCFC,Tuesday,15,23722,612075.600021
DCFC,Tuesday,16,23972,618547.235359
DCFC,Tuesday,17,23503,597824.135781
DCFC,Tuesday,18,20931,589637.215373
DCFC,Tuesday,19,17514,568846.242094
DCFC,Tuesday,20,14283,494164.336263
DCFC,Tuesday,21,12486,603420.49404
DCFC,Tuesday,22,8640,358014.608604
DCFC,Tuesday,23,6360,283231.267266
DCFC,Wednesday,0,4797,240469.130216
DCFC,Wednesday,1,3550,160942.684729
DCFC,Wednesday,2,3090,136831.124539
DCFC,Wednesday,3,2737,110853.695824
DCFC,Wednesday,4,3879,141049.670205
DCFC,Wednesday,5,5267,143104.144403
DCFC,Wednesday,6,8431,213279.227453
DCFC,Wednesday,7,12538,313587.923237
DCFC,Wednesday,8,17376,451668.733819
DCFC,Wednesday,9,19536,531758.769557
DCFC,Wednesday,10,20198,564711.484991
DCFC,Wednesday,11,21879,578011.012472
DCFC,Wednesday,12,24013,633898.6629069999
DCFC,Wednesday,13,23787,646911.739397
DCFC,Wednesday,14,24089,667639.922648
DCFC,Wednesday,15,23751,602404.908898
DCFC,Wednesday,16,24539,640251.439444
DCFC,Wednesday,17,23923,595509.324675
DCFC,Wednesday,18,21366,613490.0134459999
DCFC,Wednesday,19,18094,597992.2710139999
DCFC,Wednesday,20,15236,513445.167855
DCFC,Wednesday,21,12934,628147.992703
DCFC,Wednesday,22,8841,355152.373506
DCFC,Wednesday,23,6473,271002.674082
DCFC,Thursday,0,5018,257301.717262
DCFC,Thursday,1,3652,163668.677428
DCFC,Thursday,2,3233,138477.992657
DCFC,Thursday,3,2866,117005.575063
DCFC,Thursday,4,3830,134279.60725
DCFC,Thursday,5,5236,147914.07235
DCFC,Thursday,6,8660,231424.853642
DCFC,Thursday,7,12629,314114.580741
DCFC,Thursday,8,17754,466690.027613
DCFC,Thursday,9,19523,534181.080539
DCFC,Thursday,10,20758,555148.55575
DCFC,Thursday,11,22979,612183.533229
DCFC,Thursday,12,24722,658827.86696
DCFC,Thursday,13,24421,659863.445126
DCFC,Thursday,14,24667,672862.557421
DCFC,Thursday,15,24235,622117.000959
DCFC,Thursday,16,24828,643559.378717
DCFC,Thursday,17,24206,605614.872098
DCFC,Thursday,18,21727,623688.200606
DCFC,Thursday,19,18229,584349.255069
DCFC,Thursday,20,15631,527347.460158
DCFC,Thursday,21,13677,632332.871778
DCFC,Thursday,22,9309,371899.12344
DCFC,Thursday,23,6930,300104.62672299996
DCFC,Friday,0,5083,253454.338506
DCFC,Friday,1,3882,179708.679369
DCFC,Friday,2,3419,153603.839408
DCFC,Friday,3,2945,116631.335668
DCFC,Friday,4,3806,135379.821403
DCFC,Friday,5,5124,144940.642032
DCFC,Friday,6,8526,225381.842296
DCFC,Friday,7,12993,325594.699982
DCFC,Friday,8,18496,485381.847259
DCFC,Friday,9,20441,543611.667867
DCFC,Friday,10,22376,627156.05936
DCFC,Friday,11,24654,653293.879526
DCFC,Friday,12,26910,707709.288391
DCFC,Friday,13,27226,738168.795247
DCFC,Friday,14,27503,750415.507584
DCFC,Friday,15,27041,682087.793806
DCFC,Friday,16,27127,670581.180815
DCFC,Friday,17,25572,637670.529799
DCFC,Friday,18,22758,636710.111537
DCFC,Friday,19,19253,609941.786883
DCFC,Friday,20,16309,521874.729085
DCFC,Friday,21,14358,663374.545362
DCFC,Friday,22,10451,386547.396127
DCFC,Friday,23,7556,307840.119184
DCFC,Saturday,0,5765,263092.958454
DCFC,Saturday,1,4189,181381.69355
DCFC,Saturday,2,3453,153382.363331
DCFC,Saturday,3,2958,119368.31016
DCFC,Saturday,4,3028,109217.445264
DCFC,Saturday,5,3628,116258.686157
DCFC,Saturday,6,6102,177780.612053
DCFC,Saturday,7,9841,263929.5301
DCFC,Saturday,8,15291,407059.569068
DCFC,Saturday,9,19915,515901.357957
DCFC,Saturday,10,22731,593583.404825
DCFC,Saturday,11,25114,635200.8087769999
DCFC,Saturday,12,26133,671006.8706039999
DCFC,Saturday,13,26450,669575.55852
DCFC,Saturday,14,26435,700569.806528
DCFC,Saturday,15,25313,612581.388398
DCFC,Saturday,16,24640,600309.805616
DCFC,Saturday,17,22242,537670.345744
DCFC,Saturday,18,19532,511228.033627
DCFC,Saturday,19,16441,449495.823881
DCFC,Saturday,20,14518,406896.32319
DCFC,Saturday,21,12707,468465.062647
DCFC,Saturday,22,9566,319051.812734
DCFC,Saturday,23,7094,250868.238836
DCFC,Sunday,0,5492,222280.068178
DCFC,Sunday,1,3841,142551.077425
DCFC,Sunday,2,3051,120782.746986
DCFC,Sunday,3,2764,98776.390934
DCFC,Sunday,4,2767,94600.942649
DCFC,Sunday,5,3287,106749.58083400001
DCFC,Sunday,6,5215,153483.603597
DCFC,Sunday,7,8058,223445.99793399998
DCFC,Sunday,8,11856,322682.659024
DCFC,Sunday,9,15737,414663.560136
DCFC,Sunday,10,20026,507774.784412
DCFC,Sunday,11,22308,555801.720932
DCFC,Sunday,12,24269,631986.379196
DCFC,Sunday,13,24498,618284.42163
DCFC,Sunday,14,24404,623645.0369599999
DCFC,Sunday,15,24027,572420.547132
DCFC,Sunday,16,23766,566478.531209
DCFC,Sunday,17,21119,501043.86239100003
DCFC,Sunday,18,18777,472844.301782
DCFC,Sunday,19,16614,439479.517986
DCFC,Sunday,20,14121,383614.955625
DCFC,Sunday,21,11728,453507.905009
DCFC,Sunday,22,8356,278836.058578
DCFC,Sunday,23,6127,213760.254448
L2,Monday,0,15402,300914.138913782
L2,Monday,1,6760,132376.857998469
L2,Monday,2,4481,84621.597430594
L2,Monday,3,4166,68047.20607903099
L2,Monday,4,6235,107414.021982406
L2,Monday,5,16793,265760.806540625
L2,Monday,6,43545,714701.983765
L2,Monday,7,91545,1474759.367805
L2,Monday,8,117118,1791656.412862
L2,Monday,9,81853,1149613.052979593
L2,Monday,10,64180,813937.703655
L2,Monday,11,69493,816517.5343915
L2,Monday,12,85586,978282.356218875
L2,Monday,13,78919,909418.401284345
L2,Monday,14,73239,876465.483572344
L2,Monday,15,81553,984404.1156230631
L2,Monday,16,90049,1191258.285395719
L2,Monday,17,104528,1516947.971598438
L2,Monday,18,93942,1506246.094160937
L2,Monday,19,86638,1465922.756553
L2,Monday,20,68073,1266246.359891
L2,Monday,21,68389,1337751.8654530619
L2,Monday,22,44366,902449.424577125
L2,Monday,23,57680,1099848.53863225
L2,Tuesday,0,13976,280959.210252
L2,Tuesday,1,6881,126890.67382846901
L2,Tuesday,2,4663,79880.625494312
L2,Tuesday,3,4330,66916.357210125
L2,Tuesday,4,6651,106298.046094469
L2,Tuesday,5,18665,277229.689455
L2,Tuesday,6,48619,721127.448145
L2,Tuesday,7,101283,1509864.349127
L2,Tuesday,8,128537,1844227.885714
L2,Tuesday,9,87038,1167106.426398
L2,Tuesday,10,66447,802462.082052
L2,Tuesday,11,72033,817883.51227375
L2,Tuesday,12,88974,984975.1647237181
L2,Tuesday,13,82383,927374.339506406
L2,Tuesday,14,75194,868414.631522125
L2,Tuesday,15,84773,1012952.037595156
L2,Tuesday,16,93742,1224129.849115
L2,Tuesday,17,111798,1613616.969829843
L2,Tuesday,18,101029,1615508.709339935
L2,Tuesday,19,93500,1583242.520838688
L2,Tuesday,20,74110,1395298.539141875
L2,Tuesday,21,73800,1453699.253315063
L2,Tuesday,22,48379,997540.222669968
L2,Tuesday,23,61051,1194055.669322062
L2,Wednesday,0,14870,303402.945088594
L2,Wednesday,1,7156,137547.472470031
L2,Wednesday,2,4827,86650.439606344
L2,Wednesday,3,4636,72275.930882437
L2,Wednesday,4,6758,110129.476253
L2,Wednesday,5,18630,273861.649636
L2,Wednesday,6,48032,714280.729607
L2,Wednesday,7,99938,1458573.362726
L2,Wednesday,8,127675,1805993.328736532
L2,Wednesday,9,88176,1167581.208412
L2,Wednesday,10,67457,810423.074005
L2,Wednesday,11,73136,831545.7921590001
L2,Wednesday,12,90285,1007755.716772
L2,Wednesday,13,84123,940718.856211281
L2,Wednesday,14,77380,906970.312187531
L2,Wednesday,15,85259,1020011.186001218
L2,Wednesday,16,94739,1237266.536539125
L2,Wednesday,17,111073,1605127.156863125
L2,Wednesday,18,101587,1615953.658965438
L2,Wednesday,19,93590,1593470.535192249
L2,Wednesday,20,76790,1449297.8793600001
L2,Wednesday,21,77489,1548112.01229775
L2,Wednesday,22,50574,1052633.1359249079
L2,Wednesday,23,62621,1236914.543980782
L2,Thursday,0,15495,322352.5222935
L2,Thursday,1,7659,150283.558929187
L2,Thursday,2,5052,92922.415895
L2,Thursday,3,4739,74514.325878625
L2,Thursday,4,6898,111794.829226
L2,Thursday,5,18417,276781.418798
L2,Thursday,6,47485,704865.169588
L2,Thursday,7,97620,1442538.404402
L2,Thursday,8,124719,1761473.866961
L2,Thursday,9,87739,1161364.523693875
L2,Thursday,10,67724,816273.77143
L2,Thursday,11,72824,831819.15031975
L2,Thursday,12,90272,1016812.34716475
L2,Thursday,13,83517,940161.1441171879
L2,Thursday,14,77379,908993.241073687
L2,Thursday,15,86023,1031688.081286563
L2,Thursday,16,93584,1232071.201836844
L2,Thursday,17,109612,1582866.531595531
L2,Thursday,18,100075,1586290.86397606
L2,Thursday,19,93875,1595509.509335032
L2,Thursday,20,77140,1477426.780250123
L2,Thursday,21,78244,1593639.6707579999
L2,Thursday,22,52909,1132433.626679063
L2,Thursday,23,64123,1288177.513974063
L2,Friday,0,16896,363123.481686218
L2,Friday,1,8307,170965.940281625
L2,Friday,2,5550,107649.380236907
L2,Friday,3,4960,83767.249096531
L2,Friday,4,6897,114275.787382094
L2,Friday,5,16831,257986.917709656
L2,Friday,6,42609,640904.582032
L2,Friday,7,89253,1330262.9326915941
L2,Friday,8,114042,1600146.053870594
L2,Friday,9,83995,1096661.937406
L2,Friday,10,68588,813883.567092406
L2,Friday,11,75617,864145.64714525
L2,Friday,12,89728,995502.499243
L2,Friday,13,87501,994311.123507031
L2,Friday,14,82284,978639.783329187
L2,Friday,15,90158,1094141.289868595
L2,Friday,16,94960,1260154.095555094
L2,Friday,17,103542,1497026.187548656
L2,Friday,18,94368,1469157.168454562
L2,Friday,19,88556,1461070.826198407
L2,Friday,20,71563,1348458.8568817491
L2,Friday,21,76632,1548204.181246468
L2,Friday,22,58069,1246561.607016094
L2,Friday,23,68449,1413345.232475688
L2,Saturday,0,23034,503992.860351625
L2,Saturday,1,11325,254630.038582469
L2,Saturday,2,7463,163635.84586325
L2,Saturday,3,5196,108201.716465875
L2,Saturday,4,5216,102485.994765781
L2,Saturday,5,9253,154617.063289375
L2,Saturday,6,17650,272593.644553312
L2,Saturday,7,30330,413467.438021
L2,Saturday,8,46904,618782.818717
L2,Saturday,9,59712,725649.543403657
L2,Saturday,10,72433,840645.956672
L2,Saturday,11,80617,924332.5746170001
L2,Saturday,12,86328,997445.746232124
L2,Saturday,13,85862,1019016.079733375
L2,Saturday,14,85134,1033586.465863156
L2,Saturday,15,85001,1086869.560862688
L2,Saturday,16,85633,1171405.88478444
L2,Saturday,17,85897,1256664.655131156
L2,Saturday,18,81469,1273940.08169978
L2,Saturday,19,82371,1369800.641809563
L2,Saturday,20,64376,1208533.102216219
L2,Saturday,21,57724,1181226.294558749
L2,Saturday,22,53619,1136071.735840749
L2,Saturday,23,33983,758878.8671425
L2,Sunday,0,21260,463087.343600562
L2,Sunday,1,11036,249516.93169278099
L2,Sunday,2,6686,154729.92404399998
L2,Sunday,3,4999,107999.57536478099
L2,Sunday,4,4627,93043.443718375
L2,Sunday,5,7673,135457.56657599998
L2,Sunday,6,14979,238740.81079284401
L2,Sunday,7,24133,349779.591683
L2,Sunday,8,36321,493959.361777938
L2,Sunday,9,48912,615251.544155
L2,Sunday,10,61043,743053.557834
L2,Sunday,11,72233,865861.94464
L2,Sunday,12,80585,965631.732935781
L2,Sunday,13,80716,989085.241341406
L2,Sunday,14,79920,1000871.533731531
L2,Sunday,15,80814,1082345.708598624
L2,Sunday,16,82675,1180552.63624522
L2,Sunday,17,84140,1307393.553419029
L2,Sunday,18,79103,1318570.821704969
L2,Sunday,19,83435,1458452.8448555311
L2,Sunday,20,63864,1250278.584275625
L2,Sunday,21,50949,1082187.697734843
L2,Sunday,22,37130,815875.738405407
L2,Sunday,23,23571,519778.659922
,Monday,0,174,4220.063635
,Monday,1,103,3434.400006
,Monday,2,79,1874.359224
,Monday,3,71,2231.676201
,Monday,4,105,2901.678509
,Monday,5,545,12484.744035
,Monday,6,1649,38828.353676
,Monday,7,3046,69257.04497700001
,Monday,8,3389,68310.241806
,Monday,9,2131,39637.876407
,Monday,10,1442,25663.484121
,Monday,11,1658,27195.519103
,Monday,12,1783,29910.698785
,Monday,13,1533,26217.475011000002
,Monday,14,1309,23435.731955
,Monday,15,1333,21959.109916
,Monday,16,1261,22298.797167
,Monday,17,1483,27404.684465
,Monday,18,1373,25306.037018
,Monday,19,1027,21337.972
,Monday,20,753,16408.563202
,Monday,21,574,12424.061456
,Monday,22,429,9317.896323
,Monday,23,377,7899.278498
,Tuesday,0,137,3783.198933
,Tuesday,1,97,2866.057554
,Tuesday,2,71,1778.319663
,Tuesday,3,66,1678.8944179999999
,Tuesday,4,143,4136.327961
,Tuesday,5,480,9553.598241
,Tuesday,6,1748,39712.23521
,Tuesday,7,3515,72719.631643
,Tuesday,8,3713,67580.74514
,Tuesday,9,2356,41276.805414
,Tuesday,10,1545,26824.182857
,Tuesday,11,1661,27429.240074999998
,Tuesday,12,1748,29609.266867
,Tuesday,13,1431,24978.118303
,Tuesday,14,1376,21980.948593
,Tuesday,15,1427,22579.659044
,Tuesday,16,1513,26069.422285
,Tuesday,17,1595,28837.320989
,Tuesday,18,1465,24822.330167
,Tuesday,19,1071,21059.392711
,Tuesday,20,745,15915.224782
,Tuesday,21,637,14303.436394
,Tuesday,22,460,10767.731478
,Tuesday,23,396,8632.116638
,Wednesday,0,125,3586.509615
,Wednesday,1,89,2342.580206
,Wednesday,2,85,1972.9477190000002
,Wednesday,3,71,2444.25915
,Wednesday,4,128,3604.637204
,Wednesday,5,454,9263.977426
,Wednesday,6,1580,31947.942266
,Wednesday,7,3246,68231.495729
,Wednesday,8,3716,68085.225102
,Wednesday,9,2355,39138.073254
,Wednesday,10,1554,25949.920924
,Wednesday,11,1601,23924.052247
,Wednesday,12,1810,29578.671648000003
,Wednesday,13,1643,27808.582792
,Wednesday,14,1404,24010.030005
,Wednesday,15,1362,23386.621284
,Wednesday,16,1512,25055.503025
,Wednesday,17,1653,29767.060856999997
,Wednesday,18,1629,29387.897477000002
,Wednesday,19,1074,20943.535893
,Wednesday,20,833,17838.755794999997
,Wednesday,21,624,14247.497383
,Wednesday,22,568,13572.33938
,Wednesday,23,428,9944.216171
,Thursday,0,138,3719.630057
,Thursday,1,88,2112.015835
,Thursday,2,82,2248.647319
,Thursday,3,81,2032.218777
,Thursday,4,118,3822.232621
,Thursday,5,538,11025.752583000001
,Thursday,6,1599,35590.29744
,Thursday,7,3125,64980.332308
,Thursday,8,3840,66861.219096
,Thursday,9,2281,39669.310371
,Thursday,10,1593,26559.844364
,Thursday,11,1746,30121.759995
,Thursday,12,1727,27430.371743999996
,Thursday,13,1579,26282.602946
,Thursday,14,1403,22576.491001
,Thursday,15,1503,25822.330074
,Thursday,16,1490,24589.962955
,Thursday,17,1732,31037.377761
,Thursday,18,1571,29470.507099000002
,Thursday,19,1221,23938.999694
,Thursday,20,921,20654.277989000002
,Thursday,21,646,14531.254993999999
,Thursday,22,518,12558.589415
,Thursday,23,457,10091.104408
,Friday,0,184,4183.026671
,Friday,1,110,3047.694042
,Friday,2,108,2697.344412
,Friday,3,83,1774.881484
,Friday,4,81,2453.950801
,Friday,5,406,7928.544499
,Friday,6,1475,34503.491505
,Friday,7,2903,59703.036181999996
,Friday,8,3354,60104.978109
,Friday,9,2286,39824.708323
,Friday,10,1487,27522.15968
,Friday,11,1570,26351.120452999996
,Friday,12,1693,28133.292831
,Friday,13,1607,27076.770060000003
,Friday,14,1553,28068.435377
,Friday,15,1563,28111.463766
,Friday,16,1584,26988.631582
,Friday,17,1539,28365.753080000002
,Friday,18,1535,27810.882448
,Friday,19,1203,23658.786244
,Friday,20,958,21652.309787
,Friday,21,726,16363.534842000001
,Friday,22,630,14442.471839
,Friday,23,556,13512.008116
,Saturday,0,209,5615.013908
,Saturday,1,109,3135.618868
,Saturday,2,93,2655.82644
,Saturday,3,90,3207.282326
,Saturday,4,101,2564.4652130000004
,Saturday,5,176,4826.646332
,Saturday,6,536,12697.929396
,Saturday,7,782,17913.688038
,Saturday,8,1309,24139.713474
,Saturday,9,1351,25776.040124
,Saturday,10,1468,26864.986063
,Saturday,11,1562,27109.253788
,Saturday,12,1499,26192.864665
,Saturday,13,1534,28208.135256999998
,Saturday,14,1504,25965.575625
,Saturday,15,1414,26483.653438
,Saturday,16,1396,25410.520878
,Saturday,17,1400,26153.689433
,Saturday,18,1330,24225.912896
,Saturday,19,1038,21402.151512
,Saturday,20,760,17305.535886
,Saturday,21,727,16802.735116
,Saturday,22,561,12516.638968
,Saturday,23,409,9498.24067
,Sunday,0,240,5843.278869
,Sunday,1,146,3439.113167
,Sunday,2,118,2667.971196
,Sunday,3,100,3054.992692
,Sunday,4,59,1256.259028
,Sunday,5,166,3635.606159
,Sunday,6,537,12988.917799
,Sunday,7,661,15420.762455
,Sunday,8,899,18563.678427
,Sunday,9,1134,22722.162083000003
,Sunday,10,1279,25232.078791
,Sunday,11,1362,24585.597641
,Sunday,12,1413,26853.539064
,Sunday,13,1461,25854.641476
,Sunday,14,1431,26752.713134999998
,Sunday,15,1308,22372.559156
,Sunday,16,1281,23656.276624
,Sunday,17,1270,23309.028936
,Sunday,18,1168,23121.967644999997
,Sunday,19,927,20080.277563
,Sunday,20,644,15036.830871
,Sunday,21,604,13353.865002999999
,Sunday,22,489,10754.297244000001
,Sunday,23,306,7313.618733
