venue,charge_level,pricing,sessions,energy_kwh,total_duration,total_charge_duration,total_overstay,evse_count,ports,energy_per_evse,sessions_per_evse_month,mean_energy,mean_duration,mean_charge_duration,mean_overstay,overstay_ratio
Corridor,DCFC,Undesignated,97237,2185541.746969,71815.43694444445,66152.2336111111,5663.644722222222,105.0,105.0,20814.683304466667,21.536434108527132,22.476441549708444,0.738560804472006,0.680319565711726,0.058245778070304746,0.07886389003806452
Corridor,DCFC,Paid,924098,19664585.817699,642424.9966666667,584099.7841666667,58325.21472222222,1132.0,1132.0,17371.54224178357,18.984674172076588,21.279762338733555,0.6951914154847935,0.6320755852373522,0.06311583265218865,0.09078914274016842
Corridor,DCFC,Free,285890,7612714.425604,384927.22277777776,259010.40833333333,125916.82083333333,466.0,466.0,16336.29705065236,14.267391955284959,26.62812419323516,1.346417233123851,0.9059792519267317,0.4404380035444868,0.3271185132729008
Undesignated,DCFC,Free,661682,31203306.342065,2004575.7030555555,1024936.1241666666,979639.5788888888,2222.0,2224.0,14042.892143143565,6.925271596927135,47.15755656352296,3.0295152400330605,1.548985954229776,1.4805292858032844,0.48870171248490824
Leisure Destination,L2,Free,146651,1933454.349562,648136.3022222222,389999.6661111111,258136.6913888889,147.0,282.0,13152.750677292517,23.20060117070084,13.184051588887904,4.419583243361601,2.659372701932555,1.7602109183632495,0.39827531725014115
Undesignated,DCFC,Paid,455359,9450508.375599,385768.0180555555,309439.7263888889,76328.29166666667,783.0,783.0,12069.614783651341,13.52457750452939,20.753972965504143,0.8471733688266961,0.6795511374297838,0.16762223139691249,0.19786060039760586
Medical or Educational Campus,L2,Free,275412,3740853.934852,1416148.3255555555,818545.0944444444,597603.2552777778,323.0,605.0,11581.591129572755,19.82950536395709,13.582755779893395,5.141926733604765,2.972074907572816,2.1698519137792753,0.42199199370118085
Hotel,L2,Free,69254,1128745.1608520001,371416.69083333336,221612.23194444444,149804.45888888888,105.0,199.0,10749.953912876192,15.338648947951274,16.298627672798684,5.363108135751485,3.199991797505479,2.163116338246006,0.40333259809293537
Multi-Unit Dwelling,L2,Free,692177,14126041.941405,7505017.218611111,2727843.2016666667,4777174.019722222,1332.0,2378.0,10605.136592646397,12.084939590753544,20.408135406702332,10.842627273964768,3.940961923997282,6.901665353980589,0.6365307207924424
Multi-use Parking Garage/Lot,L2,Free,281222,4578494.279055,3724445.7358333333,982671.5058333334,2741774.23,454.0,851.0,10084.789160914097,14.405388792131953,16.280711605262034,13.243792220499582,3.49429100793442,9.749501212565162,0.7361563100842269
Single Family Residential,L2,Paid,8123,156946.683021,46997.43305555556,27568.46638888889,19428.966666666667,16.0,30.0,9809.1676888125,11.806686046511627,19.32127083848332,5.785723631116036,3.393877433077544,2.3918461980384915,0.41340484795626453
Municipal Building,L2,Free,145852,1996418.536045,961664.2175,415696.33472222224,545967.8827777777,239.0,410.0,8353.215631987447,14.192079400603289,13.687975043503002,6.5934249616049145,2.850124336465885,3.7433006251390295,0.5677323465326687
Multi-Unit Dwelling,L2,Paid,666153,13734883.013851,5196638.404722222,2573332.2849999997,2623306.1319444445,1690.0,3131.0,8127.1497123378695,9.166822622815467,20.61821085223815,7.800968253122364,3.862974849621633,3.937993421848201,0.5048082871343574
Transit Facility,L2,Free,49461,779338.035404,493547.5755555555,338175.7475,158326.13944444444,97.0,164.0,8034.412736123711,11.858307360345242,15.756617039768706,9.97851995623937,6.837220183578982,3.20102989111511,0.32079205184267523
Municipal Building,L2,Paid,136653,1666267.00313,522990.4708333333,326002.16833333333,196988.30583333332,212.0,409.0,7859.750014764151,14.99045634050022,12.193416925570606,3.8271422569086178,2.385620281540349,1.4415219997609516,0.37665754314691824
Municipal Building,L2,Undesignated,365674,4706901.323799,2139489.115833333,947430.5236111111,1192075.0094444444,656.0,1167.0,7175.154457010671,12.963485536018151,12.871851222124079,5.850810054401825,2.5909157435615087,3.259939206627883,0.5571774124123693
Multi-use Parking Garage/Lot,L2,Undesignated,226191,3237852.813101747,1320214.9458333333,658378.2588888889,661847.2305555556,462.0,765.0,7008.339422298154,11.38583509513742,14.314684550232975,5.836726243897119,2.9107181934245343,2.9260546642242864,0.5013177836263555
Medical or Educational Campus,L2,Undesignated,351183,4624200.8040539995,1935009.9305555555,1014557.0647222223,920461.4469444444,680.0,1256.0,6800.295300079411,12.010362517099864,13.16749616027541,5.509976082428692,2.8889697528702194,2.621030764428929,0.47568822899021157
Multi-use Parking Garage/Lot,L2,Paid,89292,1264845.792624,733280.8219444444,256400.79222222223,476880.7833333333,186.0,350.0,6800.246196903226,11.164291072768192,14.165275641983603,8.212167069216106,2.871486720223785,5.3406887888425985,0.6503385457003855
Transit Facility,L2,Paid,15821,280971.08733300003,113068.07972222222,57259.27111111111,55808.80861111111,42.0,77.0,6689.787793642858,8.760243632336655,17.759375977055814,7.14670878719564,3.61919417932565,3.52751460786999,0.49358588868068076
Medical or Educational Campus,L2,Paid,136955,1734580.774787,531202.3905555556,358852.89722222224,172349.49805555557,267.0,521.0,6496.557208940075,11.928838951310862,12.665333684692051,3.878663725716882,2.62022487110527,1.258438889091713,0.32445166121203756
Transit Facility,L2,Undesignated,19303,323227.515873,99181.82305555555,60796.284166666665,38385.56,52.0,86.0,6215.913766788462,8.63282647584973,16.74493684261514,5.138155885383388,3.1495769655839334,1.9885800134694087,0.3870221258032207
Business Office,L2,Free,607081,9064119.508904,4000167.3666666667,1905673.8516666668,2094493.5150000001,1524.0,2823.0,5947.584979595801,9.263886345602149,14.93065918535418,6.589182278257212,3.1390767486820814,3.450105529575131,0.5236014703918097
Leisure Destination,L2,Paid,60779,681234.901606,172745.47666666665,127248.06166666666,45497.41638888889,117.0,224.0,5822.520526547009,12.080898429735639,11.20839272785008,2.8421901753346823,2.093618876037228,0.7485713221489148,0.26337833711664516
Leisure Destination,L2,Undesignated,137200,1587650.114317,499577.97472222225,308604.7230555556,190977.77583333335,284.0,526.0,5590.317303933099,11.234850966262693,11.571793836129737,3.641238882815031,2.249305561629414,1.3919662961613217,0.3822782138054059
Undesignated,L2,Free,33134,413882.837926,159123.9297222222,79904.8086111111,79219.12111111112,76.0,135.0,5445.8268148157895,10.138922888616891,12.49118240858333,4.8024364617076785,2.4115654195421956,2.3908710421654833,0.4978454293417811
Hotel,L2,Paid,26325,426683.28421199997,134887.0872222222,82793.46833333334,52094.37611111111,84.0,164.0,5079.562907285714,7.288205980066445,16.208291897891737,5.123915943864091,3.1450510288065847,1.97889367943442,0.3862072877686748
Business Office,L2,Paid,302394,3927069.562225,1446964.87,850728.2238888888,596236.6494444445,776.0,1513.0,5060.656652351804,9.06239510908655,12.98659881553536,4.785031680522762,2.813310528280617,1.9717211632652911,0.4120602108636158
Retail,L2,Undesignated,124677,1227971.109314435,377263.9786111111,251046.02416666667,126221.68722222223,267.0,427.0,4599.1427315147375,10.859419911157564,9.849219257075763,3.02593083416437,2.0135712614729795,1.0123895122775028,0.3345712667477678
Undesignated,DCFC,Undesignated,25344,547263.7639,40039.571388888886,24152.006388888887,15887.565,119.0,119.0,4598.85515882353,4.952902091068986,21.59342502761995,1.5798441993721941,0.9529674238040122,0.6268767755681819,0.39679658020537284
Retail,L2,Paid,159607,1216880.786809,319445.3313888889,237128.1211111111,82317.21222222222,271.0,490.0,4490.335006675276,13.696644640865014,7.624231937252126,2.001449381223185,1.4857000075880826,0.5157493858178038,0.25768794887163415
Undesignated,L2,Paid,21141,329970.083081,95681.86944444444,59370.708333333336,36311.16111111111,75.0,147.0,4399.601107746667,6.555348837209302,15.608064097299089,4.525891369587268,2.808320719612759,1.7175706499745098,0.3794988676741353
Business Office,L2,Undesignated,376409,5478303.729812874,1957725.0172222224,1118372.865277778,839366.6988888889,1374.0,2548.0,3987.1206184955417,6.3709590061270776,14.55412524624245,5.201057937568502,2.971163987252637,2.229932596959395,0.42874596355715466
Multi-Unit Dwelling,L2,Undesignated,102380,1934635.887661,965771.35,373962.6736111111,591809.9877777778,505.0,874.0,3830.9621537841585,4.714713331798296,18.896619336403596,9.433203262355928,3.652692651016909,5.780523420372903,0.6127847836631081
Hotel,L2,Undesignated,34886,654353.251321621,233929.38166666665,128256.1113888889,105677.30416666667,195.0,323.0,3355.657699085236,4.160524746571258,18.75690108701545,6.705537512660284,3.6764349993948544,3.0292181438590458,0.45174874320511643
Single Family Residential,L2,Free,3831453,54891616.422585,42876577.020555556,10165048.258611111,32711528.7775,16815.0,16830.0,3264.4434387502233,5.299051926228658,14.326579608985156,11.190683278786286,2.653053099858229,8.537630182988021,0.7629230468145275
Fleet,L2,Undesignated,103521,1214036.663565,2764433.754722222,332139.0027777778,2432302.2075,391.0,503.0,3104.953103746803,6.157199785879974,11.727443355116353,26.70408665606227,3.2084215065327593,23.495737169270004,0.8798554869854005
Fleet,L2,Free,173689,3247780.60908,3907690.758888889,759908.8513888889,3147781.9166666665,1060.0,1239.0,3063.9439708301884,3.810640631856077,18.698827266435984,22.498205176429646,4.37511213369234,18.123093095513628,0.8055350617257404
Fleet,L2,Paid,25831,344572.872268,507725.4241666667,194903.91833333333,312821.50583333336,123.0,205.0,2801.4054655934956,4.883910001890716,13.339509591885719,19.655662737279496,7.545349321874234,12.110313415405264,0.6161233827255539
Retail,L2,Free,242654,2323664.89484,1034776.2111111111,505981.46055555553,528794.7602777778,965.0,1315.0,2407.9428962072543,5.847788890227738,9.576041997411954,4.26441027599426,2.0851972790704276,2.179213036990026,0.5110233059087956
Single Family Residential,L2,Undesignated,27344,344231.809051,301516.52722222224,63666.344722222224,237851.27916666667,214.0,222.0,1608.5598553785046,2.97152792871115,12.588933917897894,11.026789322053183,2.3283478906605555,8.698481537692608,0.788849889450228
Undesignated,L2,Undesignated,3121,32413.870520127,32327.061944444446,8055.080555555556,24271.997222222224,23.0,35.0,1409.2987182663912,3.155712841253792,10.38573230378949,10.357917957207448,2.580929367368009,7.776993662999751,0.7508259570243276
,,,186119,3541434.844458,1397669.0952777779,686589.1403027778,711084.9096972222,,,,,19.02779858293887,7.509545480460232,3.688979310563552,3.820592791156315,0.5087648514943364
