geo_scope,charge_level,pricing,venue,sessions,evse_count,median_total_hours,mean_total_hours,median_charge_hours,median_energy_kwh,mean_energy_kwh,median_kw
Other US,L2,Free,Single Family Residential,2899921,57119,9.065138888888889,10.770444735413061,2.001736111111111,9.271275,14.381074759699429,5.250970575380572
Other Midwest,L2,Free,Single Family Residential,931490,16430,9.443194444444444,10.437272837531554,2.053541666666667,9.8377,14.323873500427384,5.8717871736040665
Other US,DCFC,Paid,Corridor,803228,7945,0.5527777777777778,0.6900675568369341,0.5330555555555555,16.247999,20.887845742273527,33.8598067039527
Other US,L2,Free,Multi-Unit Dwelling,648724,6548,8.59236111111111,10.855703249642465,3.091388888888889,15.381,20.294953464427003,5.833796518874006
Other US,DCFC,Free,Undesignated,601788,10079,1.062361111111111,3.015221693102635,0.9747222222222223,30.7145005,47.620987938602354,31.30566411370519
Other US,L2,Paid,Multi-Unit Dwelling,576137,8543,4.329444444444444,8.12688617944246,3.0854166666666663,15.4779975,21.112815239198994,5.898620623227023
Other US,L2,Free,Business Office,486621,8230,4.3775,7.567185894929966,2.5297222222222224,11.1791495,15.872137211575017,5.432282911917115
Other US,DCFC,Paid,Undesignated,408902,4223,0.5729166666666667,0.8267563349382686,0.5508333333333333,16.977999500000003,20.53904358034978,32.000290944131784
Other US,L2,Undesignated,Municipal Building,362519,3813,2.606111111111111,5.27927336572385,2.007083333333333,8.48675,12.885113902258707,5.594277615051437
Other US,L2,Undesignated,Business Office,356521,6412,3.4091666666666667,5.226731925096902,2.3380555555555556,10.6257725,14.902267891834189,5.648578391551584
Other US,L2,Undesignated,Medical or Educational Campus,339330,4123,3.5855555555555556,5.5081118067318195,2.233611111111111,8.667,12.797153187990581,4.624649401166956
Other US,DCFC,Free,Corridor,267708,2682,0.6893055555555556,1.2353243231510154,0.6586805555555556,21.333750000000002,25.405316082470595,31.075354474083362
Other US,L2,Paid,Business Office,239057,4217,3.3584722222222223,5.091902659877934,2.30875,9.541236,12.43445737082503,4.194800138264777
Other US,L2,Undesignated,Multi-use Parking Garage/Lot,225761,2609,3.1379166666666665,9.920362140601553,2.214166666666667,9.402,15.645438834971152,5.464280801091821
Other US,L2,Free,Medical or Educational Campus,208417,2076,3.6866666666666665,4.987752675528607,2.245833333333333,9.333274,13.037258462616572,4.547890137139612
Other US,L2,Free,Multi-use Parking Garage/Lot,188196,2325,4.230555555555555,12.660989732667762,2.2644444444444445,10.609702500000001,16.04496473449946,5.503851149811352
,,,,186119,3166,4.6241666666666665,6.91654016188749,1.9388333333333336,15.525,20.398265034731285,6.078513327120224
Other US,L2,Free,Retail,181909,3536,1.6814583333333335,4.938464501855744,1.4584722222222224,6.19058875,10.792130021620274,5.26172704260936
Other US,L2,Free,Fleet,143330,3141,10.184166666666666,25.98570232814152,2.6766666666666667,10.787395,17.19327741657381,4.659546053319393
Other US,L2,Undesignated,Leisure Destination,137200,1648,1.7768055555555555,3.711933107420296,1.5741666666666667,7.4005,11.913225935834161,5.757659390963974
Other US,L2,Free,Leisure Destination,135295,1113,2.4679166666666665,4.632327970076271,1.882916666666667,8.194101,13.05549253254714,5.586171976088904
Other US,L2,Undesignated,Retail,122502,1386,1.6373611111111113,3.092473502526791,1.495625,7.06875,10.637494202649318,5.472884572232586
Other Midwest,L2,Free,Business Office,120460,2721,4.218194444444444,6.06534455731224,2.5236805555555555,10.84631075,16.611474427852155,5.462715993914564
Other Midwest,DCFC,Paid,Corridor,119402,2147,0.5461111111111111,0.7139160614223675,0.5272222222222223,19.289,23.64646564200687,39.944680851063836
Other US,L2,Paid,Municipal Building,118792,1500,2.1922222222222225,3.717211623870951,1.8619444444444444,7.801889999999999,13.076969264062562,5.630497451655439
Other US,L2,Free,Municipal Building,104807,1170,2.9019444444444447,7.001648023682682,2.1566666666666667,9.278889,14.760977240672021,5.529767170626351
Other US,L2,Undesignated,Multi-Unit Dwelling,98699,2229,6.276944444444444,10.068087043361311,2.733888888888889,12.961067,19.493229725236908,5.661345359268245
Other US,DCFC,Undesignated,Corridor,92701,554,0.5479166666666668,0.7173812328965746,0.5375000000000001,17.2195,20.753920883029497,33.783
Other US,L2,Paid,Medical or Educational Campus,92617,1430,2.852291666666667,3.910393311621392,2.080208333333333,8.451834,12.729429848323553,5.469050164936452
Other US,L2,Paid,Multi-use Parking Garage/Lot,86172,1347,2.83,7.892188248405421,2.109583333333333,9.470295,14.116791122962093,5.601073062959368
Other US,L2,Paid,Retail,82017,1266,1.2468055555555555,2.3739225085300895,1.1584722222222221,5.483052,8.924728128950951,5.773565344722392
Other Midwest,L2,Free,Multi-use Parking Garage/Lot,81444,1085,4.627361111111112,9.329698872774177,2.5228472222222225,11.2787405,15.550586922629348,5.512835003434571
Other Midwest,L2,Paid,Retail,77590,1143,0.8519444444444444,2.0813882991886947,0.8,4.07809675,7.672837723490061,5.916080247118938
Other Midwest,L2,Free,Medical or Educational Campus,66995,520,3.7968055555555558,5.414708104050308,2.4020833333333336,10.2411495,15.041415651531176,4.835155780688508
Other US,L2,Free,Hotel,64896,781,3.1752777777777776,5.717883154955363,2.254166666666667,10.644321,16.844729264642332,5.702760331491712
Other Midwest,L2,Paid,Business Office,63337,1783,3.324027777777778,4.334223626532216,2.3702083333333333,10.64984025,15.12807368641866,5.5517697693675245
Other Midwest,L2,Free,Retail,60745,945,0.8833333333333333,3.484117692176196,0.830138888888889,3.962815,8.43593546639103,5.409055289945804
Other US,L2,Undesignated,Fleet,56031,973,4.761805555555556,31.77961061549833,2.273888888888889,8.3075,12.823754669807313,4.363039912520503
Other Midwest,DCFC,Free,Undesignated,55392,1384,0.8720833333333333,2.269979915887112,0.7902777777777777,24.799999,36.95193790668255,30.190381620350266
Other Midwest,L2,Paid,Multi-Unit Dwelling,54324,880,3.9450000000000003,7.970437151699353,2.417638888888889,10.772038,18.000267568240375,6.0136865960526436
Other US,L2,Free,Transit Facility,49461,658,4.5119444444444445,10.891675168802019,2.6463888888888887,10.405000000000001,15.731462499317738,4.922873414582563
Other Midwest,L2,Undesignated,Fleet,46222,1042,18.65277777777778,43.752580158144696,2.999305555555556,8.811499999999999,11.392155592237458,3.1444337014936545
Other Midwest,DCFC,Paid,Undesignated,45677,992,0.5623611111111111,0.7105395696655997,0.5468055555555555,19.313,22.656575882039625,36.568263566079466
Other Midwest,L2,Paid,Medical or Educational Campus,44338,1009,2.7373611111111114,3.8874317457622585,2.037638888888889,8.5688405,12.96343949344264,5.025490819999689
Other Midwest,L2,Free,Municipal Building,41045,546,2.333888888888889,4.695858485845528,1.856875,6.979444749999999,11.644939973005236,4.343722121660717
Other US,L2,Paid,Leisure Destination,39583,740,1.7236111111111112,3.047281162592303,1.578125,7.53283675,12.085347226517582,5.8610249143754904
Chicago metro,L2,Paid,Multi-Unit Dwelling,35692,381,4.070069444444444,7.525945714919828,3.4166666666666665,17.68619625,21.968900413578478,5.903190988612231
Other US,L2,Undesignated,Hotel,34648,972,3.5356944444444443,6.512739451389735,2.513472222222222,11.6215,18.451935355720316,5.741852151717676
Other US,L2,Free,Undesignated,29388,419,2.035555555555556,5.662244071922187,1.6443055555555555,7.091778999999999,12.600377509495507,5.845012987012994
Other US,L2,Paid,Fleet,25831,628,4.248055555555555,14.955397085841712,2.1063888888888886,9.253042,12.960361738120596,4.713409594095943
Other US,L2,Paid,Hotel,23308,521,2.6973611111111113,5.175760877220308,2.135555555555555,10.7825585,16.59287116225917,5.804621175124075
Other US,L2,Undesignated,Single Family Residential,23252,443,7.553680555555555,8.062518639204734,1.8325694444444443,9.194,12.395930329706724,6.119696193256872
Other US,DCFC,Undesignated,Undesignated,23243,263,0.6552777777777778,2.4347771125015836,0.6345833333333333,18.24299925,29.534445927940794,29.067309080810887
Chicago metro,L2,Free,Multi-Unit Dwelling,22881,237,9.598611111111111,12.146375432053548,3.2380555555555555,16.0377035,21.233924995874794,5.955693015909963
Other Midwest,L2,Free,Fleet,22576,819,17.412777777777777,35.018511187022,3.973333333333333,13.8966,19.072828504537007,3.7853414329517636
Other Midwest,L2,Paid,Leisure Destination,21196,464,1.3433333333333333,2.476220906994164,1.2084027777777777,6.278802,10.108625806283145,6.077572570796509
Other Midwest,L2,Free,Multi-Unit Dwelling,20572,346,9.841111111111111,12.308030428404644,3.1819444444444445,16.597834,21.918866911814636,5.953054030059965
Other Midwest,L2,Undesignated,Business Office,19850,281,4.320833333333334,6.232263211207435,2.4044444444444446,8.835799999999999,12.94862733313582,4.208510761283879
Other US,L2,Undesignated,Transit Facility,19303,276,2.621111111111111,4.990977557546793,2.165,11.66875,16.419798533654475,5.9356207281181526
Other Midwest,L2,Paid,Municipal Building,17861,423,1.9454166666666668,4.6762352239142215,1.7638888888888888,8.903658,14.30090549154343,6.076141396046436
Other US,L2,Paid,Transit Facility,15821,277,3.6887499999999998,5.4273077269083085,2.6204166666666664,11.707703,17.36142908870098,5.632982125042813
Other US,L2,Paid,Undesignated,15121,499,2.2088888888888887,4.839663588729969,2.0145833333333334,10.445141,16.3223463894737,6.1761061563254955
Other Midwest,DCFC,Free,Corridor,12169,292,0.6050694444444444,1.1471686389669902,0.5864583333333333,21.533250000000002,24.090928037648478,35.11454513635894
Other Midwest,L2,Undesignated,Medical or Educational Campus,11853,223,3.224722222222222,7.457026553905527,2.1175,8.7225,15.771450211172619,5.239536187019642
Chicago metro,L2,Free,Multi-use Parking Garage/Lot,11582,86,9.254583333333333,14.692815913339675,3.975902777777778,15.866276500000001,20.702640291557316,4.126764211033878
Other Midwest,L2,Free,Leisure Destination,11356,125,2.377083333333333,3.7120811930142192,1.9244444444444446,9.461835,14.212764009569565,5.905235390452093
Other US,L2,Paid,Single Family Residential,8123,163,3.612013888888889,5.963690927563711,2.5159722222222225,12.895716,19.408323604467384,6.000509828261739
Chicago metro,L2,Free,Fleet,7783,204,16.201666666666668,28.561333509399496,3.2699305555555553,10.3531425,15.477192260303832,3.240376584525013
Other Midwest,L2,Paid,Undesignated,6020,159,2.289027777777778,4.190753947581479,1.698263888888889,6.687825,14.76923748670097,5.9857981155325
Chicago metro,DCFC,Free,Corridor,6013,102,0.725,1.6459117006358115,0.7055555555555556,17.309998999999998,22.56526857032859,25.474082953728146
Other Midwest,DCFC,Undesignated,Corridor,4536,43,0.5687500000000001,0.7251752535307463,0.5549305555555556,23.17124975,25.764741521152143,42.60679355773845
Chicago metro,DCFC,Free,Undesignated,4502,318,2.0297222222222224,11.051394384587734,1.1030555555555557,25.256999999999998,31.04809703652774,20.823529307040637
Other Midwest,L2,Free,Hotel,4358,82,3.9773611111111107,6.203071606203633,2.417638888888889,10.16328925,17.811016894532234,5.624071065985536
Other Midwest,L2,Undesignated,Single Family Residential,4092,103,8.91951388888889,9.753268569040083,2.821597222222222,16.28644925,19.256259208344996,6.304962568751845
Other Midwest,L2,Free,Undesignated,3746,73,2.1775,4.404461163299209,1.9297222222222221,9.00024475,13.174864641864845,5.7957765369266845
Other Midwest,L2,Undesignated,Municipal Building,3155,99,16.366666666666667,26.55491810009806,3.463263888888889,14.6775,18.70125562573602,4.4673678836857444
Other Midwest,L2,Paid,Multi-use Parking Garage/Lot,3120,165,5.9558333333333335,29.541125508545132,2.8890277777777778,11.48879425,15.45768011671356,5.507721075840934
Other US,L2,Undesignated,Undesignated,3069,98,3.0327083333333333,7.1034581016008085,1.9997222222222224,8.314,10.05385721166085,4.641539040154578
Other Midwest,L2,Paid,Hotel,3017,132,2.169236111111111,4.059805524919364,1.9840972222222224,9.76448125,17.021392606304694,5.950212815429731
Chicago metro,L2,Undesignated,Multi-Unit Dwelling,2977,18,3.86375,10.53797757833993,3.0394444444444444,17.615008500000002,21.760593735879127,6.103707803083999
Other Midwest,L2,Undesignated,Retail,2175,47,1.8380555555555556,4.745552498077267,1.419166666666667,4.848000000000001,8.858125662903852,4.598825739783936
Other Midwest,DCFC,Undesignated,Undesignated,1740,34,0.4479861111111111,1.1888561000763214,0.4419444444444444,13.41625,17.5974204629456,29.924547218029012
Chicago metro,DCFC,Paid,Corridor,1468,71,0.6875,0.8799272609939925,0.6691666666666667,14.2,18.78812937227411,20.39619651347068
Chicago metro,L2,Undesignated,Fleet,1268,2,1.3065277777777777,2.089194707325622,1.24875,7.1237034999999995,10.09415179258675,6.539260345084918
Chicago metro,DCFC,Paid,Undesignated,780,51,0.9830555555555556,1.5458824979924957,0.9179166666666667,19.799999,26.265497825909822,20.369515011547346
Other Midwest,L2,Undesignated,Multi-Unit Dwelling,704,6,1.136388888888889,2.126051665455284,1.125138888888889,5.556756,10.908306523493001,6.222128486530142
Other Midwest,L2,Undesignated,Multi-use Parking Garage/Lot,430,18,4.383333333333334,15.156718056087799,2.334027777777778,12.024837999999999,18.826115909096213,5.542862950802766
Chicago metro,DCFC,Undesignated,Undesignated,361,4,0.9833333333333332,12.835562044950933,0.5901388888888889,11.925,13.383447336324787,18.64195918987118
Other Midwest,L2,Undesignated,Hotel,238,7,2.071111111111111,4.090576853899455,1.8768055555555554,7.352162,15.803082256973315,5.620035653314585
Other Midwest,L2,Undesignated,Undesignated,52,10,22.98111111111111,65.72962625125125,4.345833333333333,9.4520495,16.537014734684682,4.591034048159262
Chicago metro,L2,Free,Single Family Residential,42,1,11.304722222222226,8.885515873015873,2.1972222222222224,6.172994,6.079897380952381,2.8965179833267167
Chicago metro,L2,Undesignated,Business Office,38,4,1.883888888888889,2.152458708708709,1.805,9.6875,11.749837837837838,6.149005008870528
