geo_scope,charge_level,start_hour,is_weekend,sessions,median_duration
Chicago metro,DCFC,0,False,113,0.8288888888888889
Chicago metro,DCFC,0,True,59,0.8158333333333333
Chicago metro,DCFC,1,False,71,0.7363888888888889
Chicago metro,DCFC,1,True,49,0.8191666666666667
Chicago metro,DCFC,2,False,38,0.7620833333333334
Chicago metro,DCFC,2,True,26,0.49166666666666664
Chicago metro,DCFC,3,False,41,1.2036111111111112
Chicago metro,DCFC,3,True,21,0.8844444444444445
Chicago metro,DCFC,4,False,63,0.7626388888888889
Chicago metro,DCFC,4,True,13,1.0004861111111112
Chicago metro,DCFC,5,False,81,0.9970833333333333
Chicago metro,DCFC,5,True,19,1.2531944444444445
Chicago metro,DCFC,6,False,311,1.6888888888888889
Chicago metro,DCFC,6,True,63,0.8656944444444445
Chicago metro,DCFC,7,False,351,1.1791666666666667
Chicago metro,DCFC,7,True,97,0.8894444444444445
Chicago metro,DCFC,8,False,479,1.0375
Chicago metro,DCFC,8,True,158,0.9438888888888889
Chicago metro,DCFC,9,False,569,1.3916666666666666
Chicago metro,DCFC,9,True,200,0.9845833333333334
Chicago metro,DCFC,10,False,561,1.044861111111111
Chicago metro,DCFC,10,True,206,0.8466666666666667
Chicago metro,DCFC,11,False,719,0.7783333333333333
Chicago metro,DCFC,11,True,208,1.1354166666666665
Chicago metro,DCFC,12,False,677,0.9669444444444444
Chicago metro,DCFC,12,True,219,0.8127083333333334
Chicago metro,DCFC,13,False,627,0.9302777777777778
Chicago metro,DCFC,13,True,219,0.6711111111111111
Chicago metro,DCFC,14,False,667,0.9191666666666666
Chicago metro,DCFC,14,True,223,0.8583333333333333
Chicago metro,DCFC,15,False,717,0.9877777777777778
Chicago metro,DCFC,15,True,263,0.6844444444444444
Chicago metro,DCFC,16,False,762,1.1983333333333333
Chicago metro,DCFC,16,True,281,0.7658333333333334
Chicago metro,DCFC,17,False,818,0.8251388888888889
Chicago metro,DCFC,17,True,223,0.7497222222222222
Chicago metro,DCFC,18,False,664,0.8494444444444444
Chicago metro,DCFC,18,True,199,0.7538888888888889
Chicago metro,DCFC,19,False,522,0.8955555555555555
Chicago metro,DCFC,19,True,135,0.7629166666666667
Chicago metro,DCFC,20,False,380,0.7836111111111111
Chicago metro,DCFC,20,True,145,0.6919444444444445
Chicago metro,DCFC,21,False,284,0.7988888888888889
Chicago metro,DCFC,21,True,86,0.7556944444444444
Chicago metro,DCFC,22,False,210,0.7986111111111112
Chicago metro,DCFC,22,True,91,0.8058333333333333
Chicago metro,DCFC,23,False,132,0.6355555555555557
Chicago metro,DCFC,23,True,64,0.908611111111111
Chicago metro,L2,0,False,555,8.533472222222223
Chicago metro,L2,0,True,394,10.052152777777778
Chicago metro,L2,1,False,295,9.065833333333332
Chicago metro,L2,1,True,231,9.449236111111112
Chicago metro,L2,2,False,221,7.410069444444444
Chicago metro,L2,2,True,183,9.226944444444445
Chicago metro,L2,3,False,414,9.413611111111111
Chicago metro,L2,3,True,216,9.20013888888889
Chicago metro,L2,4,False,1427,9.814583333333333
Chicago metro,L2,4,True,562,9.761111111111111
Chicago metro,L2,5,False,3056,8.898888888888889
Chicago metro,L2,5,True,538,8.803680555555555
Chicago metro,L2,6,False,2358,7.470555555555555
Chicago metro,L2,6,True,470,6.699027777777777
Chicago metro,L2,7,False,2643,4.735763888888889
Chicago metro,L2,7,True,467,4.146736111111111
Chicago metro,L2,8,False,3050,4.835486111111111
Chicago metro,L2,8,True,570,3.410972222222222
Chicago metro,L2,9,False,2333,4.101805555555556
Chicago metro,L2,9,True,687,3.345416666666667
Chicago metro,L2,10,False,2068,3.9791666666666665
Chicago metro,L2,10,True,881,3.3833333333333337
Chicago metro,L2,11,False,2480,3.9631944444444445
Chicago metro,L2,11,True,1178,3.4638194444444443
Chicago metro,L2,12,False,2963,3.9043055555555557
Chicago metro,L2,12,True,1318,3.904375000000001
Chicago metro,L2,13,False,4131,4.845972222222223
Chicago metro,L2,13,True,1412,3.990416666666667
Chicago metro,L2,14,False,4289,5.239166666666666
Chicago metro,L2,14,True,1362,3.8819444444444446
Chicago metro,L2,15,False,3610,4.50625
Chicago metro,L2,15,True,1411,4.307361111111111
Chicago metro,L2,16,False,3884,4.6634722222222225
Chicago metro,L2,16,True,1378,4.393402777777778
Chicago metro,L2,17,False,4625,5.773333333333333
Chicago metro,L2,17,True,1321,5.828194444444444
Chicago metro,L2,18,False,4265,12.257916666666667
Chicago metro,L2,18,True,1327,11.542916666666667
Chicago metro,L2,19,False,3939,12.030416666666667
Chicago metro,L2,19,True,1192,11.953472222222222
Chicago metro,L2,20,False,3465,11.385694444444445
Chicago metro,L2,20,True,1138,11.734305555555558
Chicago metro,L2,21,False,2634,10.471805555555555
Chicago metro,L2,21,True,992,10.949861111111112
Chicago metro,L2,22,False,1881,9.877152777777777
Chicago metro,L2,22,True,774,10.359444444444446
Chicago metro,L2,23,False,1152,9.49875
Chicago metro,L2,23,True,523,9.75736111111111
Other Midwest,DCFC,0,False,1249,0.6072222222222222
Other Midwest,DCFC,0,True,805,0.5635416666666667
Other Midwest,DCFC,1,False,752,0.6616666666666666
Other Midwest,DCFC,1,True,459,0.6111111111111112
Other Midwest,DCFC,2,False,541,0.6590277777777778
Other Midwest,DCFC,2,True,336,0.5977083333333333
Other Midwest,DCFC,3,False,512,0.7244444444444444
Other Midwest,DCFC,3,True,307,0.7546527777777778
Other Midwest,DCFC,4,False,691,0.6813888888888889
Other Midwest,DCFC,4,True,301,0.7509722222222222
Other Midwest,DCFC,5,False,1313,0.5944444444444444
Other Midwest,DCFC,5,True,363,0.6845833333333333
Other Midwest,DCFC,6,False,2860,0.5652777777777778
Other Midwest,DCFC,6,True,834,0.7140277777777777
Other Midwest,DCFC,7,False,5377,0.6083333333333334
Other Midwest,DCFC,7,True,1649,0.665
Other Midwest,DCFC,8,False,7255,0.6227777777777778
Other Midwest,DCFC,8,True,2757,0.6555555555555556
Other Midwest,DCFC,9,False,8164,0.6754166666666667
Other Midwest,DCFC,9,True,3812,0.6307638888888889
Other Midwest,DCFC,10,False,9182,0.6270138888888889
Other Midwest,DCFC,10,True,4794,0.6160416666666666
Other Midwest,DCFC,11,False,10559,0.6077083333333333
Other Midwest,DCFC,11,True,5760,0.6160416666666666
Other Midwest,DCFC,12,False,12278,0.61625
Other Midwest,DCFC,12,True,6051,0.6165277777777778
Other Midwest,DCFC,13,False,12185,0.6059027777777778
Other Midwest,DCFC,13,True,6220,0.5884722222222223
Other Midwest,DCFC,14,False,12829,0.5934722222222222
Other Midwest,DCFC,14,True,6236,0.6021527777777778
Other Midwest,DCFC,15,False,13185,0.5825694444444445
Other Midwest,DCFC,15,True,6159,0.5727777777777778
Other Midwest,DCFC,16,False,13448,0.5851388888888889
Other Midwest,DCFC,16,True,5901,0.5721527777777778
Other Midwest,DCFC,17,False,13111,0.5561805555555556
Other Midwest,DCFC,17,True,5321,0.5485416666666667
Other Midwest,DCFC,18,False,10949,0.590625
Other Midwest,DCFC,18,True,4387,0.5686805555555556
Other Midwest,DCFC,19,False,9047,0.6047222222222223
Other Midwest,DCFC,19,True,3679,0.5695833333333333
Other Midwest,DCFC,20,False,7327,0.5804166666666667
Other Midwest,DCFC,20,True,3013,0.5669444444444445
Other Midwest,DCFC,21,False,5484,0.5815972222222223
Other Midwest,DCFC,21,True,2381,0.5826388888888889
Other Midwest,DCFC,22,False,3791,0.6114583333333333
Other Midwest,DCFC,22,True,1647,0.5388888888888889
Other Midwest,DCFC,23,False,2551,0.6384027777777779
Other Midwest,DCFC,23,True,1104,0.586111111111111
Other Midwest,L2,0,False,15963,6.942777777777778
Other Midwest,L2,0,True,9345,9.1525
Other Midwest,L2,1,False,6775,5.082222222222223
Other Midwest,L2,1,True,3944,8.609305555555554
Other Midwest,L2,2,False,4134,4.001388888888889
Other Midwest,L2,2,True,2296,5.2
Other Midwest,L2,3,False,3878,4.295277777777778
Other Midwest,L2,3,True,1340,7.0784722222222225
Other Midwest,L2,4,False,4540,3.4458333333333333
Other Midwest,L2,4,True,1227,5.7411111111111115
Other Midwest,L2,5,False,14562,4.382638888888889
Other Midwest,L2,5,True,2947,5.6241666666666665
Other Midwest,L2,6,False,38871,5.168055555555555
Other Midwest,L2,6,True,4540,3.948888888888889
Other Midwest,L2,7,False,83190,4.68125
Other Midwest,L2,7,True,7982,2.9663194444444443
Other Midwest,L2,8,False,100864,4.344166666666666
Other Midwest,L2,8,True,12929,2.493333333333333
Other Midwest,L2,9,False,62916,3.615833333333333
Other Midwest,L2,9,True,17897,2.3354166666666663
Other Midwest,L2,10,False,48791,2.874027777777778
Other Midwest,L2,10,True,22258,2.169722222222222
Other Midwest,L2,11,False,57705,2.8088888888888888
Other Midwest,L2,11,True,26116,2.5080555555555555
Other Midwest,L2,12,False,72850,2.9879166666666666
Other Midwest,L2,12,True,28734,2.5375
Other Midwest,L2,13,False,67052,2.816388888888889
Other Midwest,L2,13,True,28324,2.5675000000000003
Other Midwest,L2,14,False,60820,2.58
Other Midwest,L2,14,True,28078,2.5102777777777776
Other Midwest,L2,15,False,67621,2.8330555555555557
Other Midwest,L2,15,True,28021,2.949583333333333
Other Midwest,L2,16,False,73344,3.718611111111111
Other Midwest,L2,16,True,28719,3.637777777777778
Other Midwest,L2,17,False,86724,6.047083333333333
Other Midwest,L2,17,True,30076,4.022222222222222
Other Midwest,L2,18,False,73008,11.53472222222222
Other Midwest,L2,18,True,28675,11.712777777777776
Other Midwest,L2,19,False,112410,12.263055555555557
Other Midwest,L2,19,True,31742,12.001388888888888
Other Midwest,L2,20,False,64713,11.294722222222225
Other Midwest,L2,20,True,23844,11.465555555555556
Other Midwest,L2,21,False,52344,10.542222222222222
Other Midwest,L2,21,True,19641,10.996666666666666
Other Midwest,L2,22,False,33767,9.793333333333335
Other Midwest,L2,22,True,14060,10.65347222222222
Other Midwest,L2,23,False,122937,8.001388888888888
Other Midwest,L2,23,True,11847,8.836666666666666
Other US,DCFC,0,False,22659,0.8027777777777778
Other US,DCFC,0,True,10393,0.7291666666666666
Other US,DCFC,1,False,16913,0.8486111111111111
Other US,DCFC,1,True,7522,0.775
Other US,DCFC,2,False,14943,0.8608333333333333
Other US,DCFC,2,True,6142,0.8472222222222222
Other US,DCFC,3,False,13164,0.8513888888888889
Other US,DCFC,3,True,5394,0.8515277777777778
Other US,DCFC,4,False,18121,0.7331944444444445
Other US,DCFC,4,True,5481,0.8794444444444445
Other US,DCFC,5,False,24234,0.6818055555555556
Other US,DCFC,5,True,6533,0.7
Other US,DCFC,6,False,38493,0.6708333333333333
Other US,DCFC,6,True,10420,0.7369444444444444
Other US,DCFC,7,False,57245,0.6743055555555555
Other US,DCFC,7,True,16153,0.7
Other US,DCFC,8,False,80105,0.7211111111111111
Other US,DCFC,8,True,24232,0.6766666666666666
Other US,DCFC,9,False,88584,0.7483333333333333
Other US,DCFC,9,True,31640,0.685
Other US,DCFC,10,False,93808,0.7088888888888889
Other US,DCFC,10,True,37757,0.65875
Other US,DCFC,11,False,101953,0.6925
Other US,DCFC,11,True,41454,0.6433333333333333
Other US,DCFC,12,False,110814,0.6702777777777778
Other US,DCFC,12,True,44132,0.6380555555555556
Other US,DCFC,13,False,109674,0.6543055555555556
Other US,DCFC,13,True,44509,0.6244444444444445
Other US,DCFC,14,False,109787,0.6491666666666667
Other US,DCFC,14,True,44380,0.6056944444444444
Other US,DCFC,15,False,108037,0.6106944444444444
Other US,DCFC,15,True,42918,0.5911111111111111
Other US,DCFC,16,False,110068,0.6058333333333333
Other US,DCFC,16,True,42224,0.5900000000000001
Other US,DCFC,17,False,106050,0.5833333333333334
Other US,DCFC,17,True,37817,0.5822222222222222
Other US,DCFC,18,False,95479,0.6205555555555555
Other US,DCFC,18,True,33723,0.5852777777777778
Other US,DCFC,19,False,80304,0.635
Other US,DCFC,19,True,29241,0.5969444444444445
Other US,DCFC,20,False,67488,0.6375
Other US,DCFC,20,True,25481,0.5891666666666666
Other US,DCFC,21,False,59572,0.6944444444444444
Other US,DCFC,21,True,21968,0.6361111111111111
Other US,DCFC,22,False,41654,0.6475
Other US,DCFC,22,True,16184,0.6191666666666666
Other US,DCFC,23,False,30670,0.7218055555555556
Other US,DCFC,23,True,12053,0.6455555555555555
Other US,L2,0,False,60121,7.213055555555556
Other US,L2,0,True,34555,8.987083333333333
Other US,L2,1,False,29693,6.130694444444444
Other US,L2,1,True,18186,8.237222222222222
Other US,L2,2,False,20218,5.249722222222222
Other US,L2,2,True,11670,7.5475
Other US,L2,3,False,18539,4.466388888888889
Other US,L2,3,True,8639,7.308888888888889
Other US,L2,4,False,27472,6.017638888888889
Other US,L2,4,True,8054,6.385555555555555
Other US,L2,5,False,71718,5.401666666666666
Other US,L2,5,True,13441,5.262222222222222
Other US,L2,6,False,189061,5.324166666666667
Other US,L2,6,True,27619,4.539027777777777
Other US,L2,7,False,393806,4.883055555555556
Other US,L2,7,True,46014,3.0572222222222223
Other US,L2,8,False,508177,4.3654166666666665
Other US,L2,8,True,69726,2.7275
Other US,L2,9,False,363552,3.6380555555555554
Other US,L2,9,True,90040,2.421527777777778
Other US,L2,10,False,283537,2.935277777777778
Other US,L2,10,True,110337,2.4224999999999994
Other US,L2,11,False,302918,2.805416666666667
Other US,L2,11,True,125556,2.4891666666666667
Other US,L2,12,False,369032,2.881666666666667
Other US,L2,12,True,136861,2.5615277777777776
Other US,L2,13,False,345260,2.8530555555555557
Other US,L2,13,True,136842,2.549166666666667
Other US,L2,14,False,320367,2.660138888888889
Other US,L2,14,True,135614,2.6261111111111113
Other US,L2,15,False,356535,2.75125
Other US,L2,15,True,136383,2.9266666666666667
Other US,L2,16,False,389846,3.247777777777778
Other US,L2,16,True,138211,3.448888888888889
Other US,L2,17,False,449204,4.436944444444445
Other US,L2,17,True,138640,4.581388888888889
Other US,L2,18,False,413728,11.029444444444444
Other US,L2,18,True,130570,10.95125
Other US,L2,19,False,339810,11.430277777777778
Other US,L2,19,True,132872,11.94875
Other US,L2,20,False,299498,11.162638888888889
Other US,L2,20,True,103258,11.31111111111111
Other US,L2,21,False,319576,10.554722222222225
Other US,L2,21,True,88040,10.758333333333333
Other US,L2,22,False,218649,8.995277777777778
Other US,L2,22,True,75915,10.220694444444444
Other US,L2,23,False,189835,8.001111111111111
Other US,L2,23,True,45184,9.001111111111111
,,0,False,758,5.973611111111111
,,0,True,449,5.047083333333333
,,1,False,487,4.9238888888888885
,,1,True,255,7.253611111111111
,,2,False,425,3.1402083333333333
,,2,True,211,4.8180555555555555
,,3,False,372,4.042916666666667
,,3,True,190,6.152638888888889
,,4,False,575,4.704444444444444
,,4,True,160,4.878888888888889
,,5,False,2423,4.435555555555555
,,5,True,342,2.9975
,,6,False,8051,3.619652777777778
,,6,True,1073,2.923888888888889
,,7,False,15835,6.082777777777778
,,7,True,1443,2.3625694444444445
,,8,False,18012,5.0025
,,8,True,2208,3.85
,,9,False,11409,3.9880555555555555
,,9,True,2485,2.2559722222222223
,,10,False,7621,3.506111111111111
,,10,True,2747,2.005486111111111
,,11,False,8236,3.138888888888889
,,11,True,2924,2.098958333333333
,,12,False,8761,3.1954166666666666
,,12,True,2912,1.799861111111111
,,13,False,7793,2.830277777777778
,,13,True,2995,1.7206944444444443
,,14,False,7045,2.434861111111111
,,14,True,2935,2.4129861111111106
,,15,False,7188,2.6106944444444444
,,15,True,2722,2.3518749999999997
,,16,False,7360,3.2091666666666665
,,16,True,2677,2.152013888888889
,,17,False,8002,2.4159722222222224
,,17,True,2670,1.9605555555555556
,,18,False,7573,3.3769444444444443
,,18,True,2498,4.097222222222222
,,19,False,5596,5.206805555555556
,,19,True,1965,4.207986111111111
,,20,False,4210,5.247222222222222
,,20,True,1404,5.18138888888889
,,21,False,3207,9.54138888888889
,,21,True,1331,7.488124999999998
,,22,False,2605,7.868680555555555
,,22,True,1050,6.016527777777778
,,23,False,2214,7.929444444444445
,,23,True,715,6.4927777777777775
